filename,BIC,alpha_pospresented,alpha_posomitted,alpha_negpresented,alpha_negomitted,beta
subj_01,458.87132452067,0.695398163284115,0.47474398805665,0.167856498285756,0.000703354385446857,1.16547283030749
subj_02,458.87132452067,0.252735108855223,0.277679467254594,0.10113361756153,0.093760716174231,5.30008352281732
subj_03,458.87132452067,0.337594755538453,1.04167546723799e-09,0.010734452503069,1.76763441106976e-10,0.92973492703743
subj_04,458.87132452067,0.147729786579204,0.233590411572941,0.0374684479032406,0.0591431551924626,3.3936870756971
subj_05,458.87132452067,0.727871727375715,0.468356887237045,0.335293617448453,0.373560043337109,0.948114768604624
subj_06,458.87132452067,0.999999979545988,0.999999472707946,0.945792101617326,1.37396363366359e-08,0.35987163814518
subj_07,458.87132452067,0.579459666254945,0.297286511437162,0.0838865170526408,1.47267829265982e-10,3.65710761334261
subj_08,458.87132452067,0.277059112072832,0.121739893875889,0.0115417756014374,4.60465658899835e-09,2.85614386132315
subj_09,458.87132452067,0.474625817826276,0.782826163323385,0.467135032134453,0.184210462027568,1.4568129736733
subj_10,458.87132452067,0.662231135647017,0.308185781597163,0.364956540121201,0.371064188887097,1.58368173528517
subj_11,458.87132452067,0.0217907177883928,0.0062378958976684,4.28294197823263e-13,6.5669707469371e-12,8.02487550804508
subj_12,458.87132452067,0.664733596704313,0.288862022907468,0.566121243767012,1.18459443628165e-08,0.971813583957781
subj_13,458.87132452067,0.45480062391616,0.808451346361756,3.73950766964915e-09,1.80839060803109e-09,0.582025647931609
subj_14,458.87132452067,0.315467229114474,0.282519310757012,0.252191263907706,0.162199388823765,2.69762568755593
subj_15,458.87132452067,0.247788663430847,0.248159371700551,0.0796056071068136,0.0325061775497356,2.50107082866248
subj_16,458.87132452067,0.503064364624472,0.0305991069699361,4.82633466792868e-11,8.56022276906709e-11,2.99924537283234
subj_17,458.87132452067,0.999999872772697,0.229620001529101,0.144651723964004,0.0387013223374061,3.42665930598744
subj_18,458.87132452067,0.999999940373006,0.331920246872106,0.160824397128065,7.84166940850724e-10,4.63017210048855
subj_19,458.87132452067,0.0958340766351454,0.0367473754221362,1.74775461816777e-10,0.0359589010049572,5.11843973429629
subj_20,458.87132452067,0.220957748368765,1.15789666844831e-07,0.853403191350757,0.210917842951793,0.191059080124123
subj_21,458.87132452067,0.210564688645781,0.024787650175203,5.21014896840898e-11,9.59663180844597e-11,2.62238664751099
subj_22,458.87132452067,0.176514212155096,0.045035808432096,2.10964648441379e-11,0.0607770399267338,4.93200807150382
subj_23,458.87132452067,0.331028068074015,0.308093646318845,0.0745667765643921,4.1641644642215e-12,1.56930721125606
subj_24,458.87132452067,0.876768648566067,0.729067455050891,0.630656821174758,4.87696792872107e-11,91.1311459636004
subj_25,458.87132452067,0.541965820994845,0.346540503809329,0.100320178204596,3.29828354187218e-12,2.41727918185152
subj_26,458.87132452067,0.000788452619452486,0.00148946692861032,0.00109070319059587,8.18629779376049e-05,99.9999283809335
subj_27,458.87132452067,0.626483268914472,0.0741395514132037,6.03829415585763e-10,0.18251531111112,2.84072537763371
subj_28,458.87132452067,0.999999599147059,9.5337457522992e-08,9.07995751672207e-09,0.999987171671039,0.419552162539717
subj_29,458.87132452067,0.080861644626175,0.0378469983072116,1.57134064684592e-11,8.79718213430694e-11,7.89921431969503
subj_30,458.87132452067,0.406370937242152,0.358163458722225,0.102690978988023,7.93822639570341e-06,1.47614924976226
subj_31,458.87132452067,0.720913567393,0.354202189607275,2.05168844218692e-09,0.250333534081041,0.611656884455565
subj_32,458.87132452067,0.348934505741968,0.00941936390950629,9.07683252812513e-14,7.83097103645864e-12,5.56449582382534
subj_33,458.87132452067,0.941335720721236,0.00371685208604283,1.81468965105491e-07,0.00971899408963264,26.4595341360549
subj_34,458.87132452067,0.115373805948402,0.129318038129623,0.00749072323921973,0.0288473797786672,4.59962030005264
subj_35,458.87132452067,0.507652252798489,0.53913538253362,0.67944936704256,0.0752250379011709,1.08744121851204
subj_36,458.87132452067,0.61767201558801,0.804555225814778,0.429288364704069,1.27157310041228e-07,1.27022966278894
subj_37,458.87132452067,0.999999973680955,0.611182295597044,0.999999933925025,0.436302660606323,0.310835629975752
subj_38,458.87132452067,0.397331245227219,0.135484074062226,1.0308448449278e-09,0.0586395516028348,4.01257143836114
subj_39,458.87132452067,0.661748429371885,0.67758254327408,0.866885939958843,0.666811478751572,84.78193639434
subj_40,458.87132452067,0.140772631837583,0.0449530672228262,0.0149605304917382,0.0554497880362384,4.47899161438269
subj_41,458.87132452067,0.326645497901289,0.251713647191269,0.0262174423629245,0.0702390985711343,4.01047192784855
subj_42,458.87132452067,0.625584934138733,0.999999733634566,0.0844290553052175,1.11948104259694e-07,0.256313990393173
subj_43,458.87132452067,0.99999986466016,1.6027955588011e-09,1.76096710772915e-09,0.989630175088291,0.298878966643608
subj_44,458.87132452067,0.970671407262298,0.716473491993828,0.6465859088598,0.486745994138133,78.4529571865037
subj_45,458.87132452067,0.419181806636236,0.00609400588172161,0.000770789775569293,6.53713548252911e-10,4.52554069706741
subj_46,458.87132452067,0.124691220442996,0.0159337334286661,0.00377247363206325,8.25012799837908e-11,2.84373821395046
subj_47,458.87132452067,0.999999647345638,0.796852545864869,4.21173756331274e-08,0.207724019028713,0.350908450912429
subj_48,458.87132452067,0.321979913639441,0.504509273307682,0.214668698902155,0.265986674361495,2.79251199329669
