filename,BIC,alpha_90_presented_pos,alpha_70_presented_pos,alpha_50_presented_pos,alpha_90_omitted_pos,alpha_70_omitted_pos,alpha_50_omitted_pos,alpha_90_presented_neg,alpha_70_presented_neg,alpha_50_presented_neg,alpha_90_omitted_neg,alpha_70_omitted_neg,alpha_50_omitted_neg,beta,lambda
subj_01,637.574739690995,0.432115422762429,0.63738742847453,0.51552924192712,1.88216778262577e-09,0.306197609913672,0.358223903275513,0.00175308692225853,1.98770106809025e-08,0.438494328463791,1.70120234924334e-07,5.19690847123865e-09,0.0765771926624973,1.78900050194883,999.996976831844
subj_02,286.37577911581,0.999995934158559,0.999986864979499,0.19362371889569,0.999998341000186,0.636585821998383,0.173896292888355,0.337936397092307,0.208850683756371,0.0522937438774307,0.163649713100228,2.27537834202467e-07,0.0905101314294666,5.67141042223592,999.998178872704
subj_03,672.504672208684,0.266591347496243,3.44377067128734e-09,0.129483563211894,1.06140810585427e-08,4.97531117148433e-08,5.13386338727492e-07,0.00235852376671739,0.00223429579967302,0.451501857099663,0.207157512677621,0.0270535076074542,1.13183568126869e-08,99.9999671081909,1.05870619041311
subj_04,403.082463354645,0.0109408460297312,5.06375749955535e-11,0.0177270265847111,0.0282358052896152,0.00896071400249154,0.0145351512806835,0.26689425543236,0.0289397104958024,0.00853067351962181,0.140987888983714,0.013912416086732,0.0188844880744852,99.9999982680811,7.64187298025993
subj_05,686.258914532856,0.364571437469402,0.999999867469731,0.593155755604949,0.0488331326397434,0.999998884516054,0.259650575694467,0.0183111941480848,0.295134386989674,0.39840972823306,6.7879978217689e-07,0.615483033578147,0.227055568757645,1.09645167601287,999.993569759893
subj_06,724.566503629091,0.999999994786888,0.654914668628098,0.857801844332619,1.6671445454056e-10,7.76900957279423e-10,0.387754482693505,1.55052957937286e-10,6.53607529358257e-10,0.259015887768532,1.78614150729239e-07,7.67010923280815e-09,0.0105034603573988,0.741952397579301,999.999871557747
subj_07,296.658201119464,0.589815958238233,0.0265216637864858,0.0326009450292227,5.79608237353894e-13,0.999995995946738,0.00635722919415322,0.0101807474394399,0.205034347013533,0.00667740232595844,0.182460386234964,5.83048076848004e-13,0.000169787058661233,40.7653335137796,999.999987445222
subj_08,417.304224096557,0.0546526802203886,0.261743882175934,0.505146446031663,0.038500231317454,0.0301203643734597,0.15939082092366,3.50340503945745e-10,5.06423738417266e-11,0.0657469071182122,2.72934533829174e-11,5.56536476683327e-10,0.101615901077896,4.71586456380418,999.999989680231
subj_09,632.930622521111,0.303149595963389,0.507087295252658,0.436826965542402,0.999999672673809,0.99999949249086,0.489794559426819,0.2544630684976,0.725403610603726,0.429869080611692,0.270428706608809,0.141557436572488,0.240531924551384,1.5390872748931,999.993484443121
subj_10,622.282212538914,0.87542125275759,0.749907437493679,0.465800054047249,0.791598161803135,0.999999990701881,2.35801663472644e-09,0.787985222992386,0.73174675837352,0.256278582283139,0.673087151474693,0.378220022953576,0.207037091304333,1.57311293558595,999.999710193172
subj_11,553.230114402984,0.00176714281704065,0.00110627583231044,0.00473050960288046,0.000307227075218314,3.87329318519509e-15,0.00364256752795053,0.000235153208608366,2.73452385798292e-15,4.63729523831428e-14,1.13552245847698e-13,0.00135789886768516,0.00261210293250007,99.9999999862548,999.999999894003
subj_12,680.842936395756,6.01406169090617e-10,0.999999996132686,0.595345229201353,0.00234521774476886,0.143304857382093,0.737106257864486,0.650262834801977,0.629163416163044,0.984924519801348,0.0814569551127872,3.42930030625747e-10,0.388893799774343,1.40154389909127,54.1014586225341
subj_13,706.400375049365,0.0132159004675906,0.281152064419799,0.130083193067027,4.46339731608751e-12,0.0332019087190223,0.0705688017348146,3.65513402600936e-12,0.0035456453184695,5.8799797868686e-11,0.0182233560666755,2.8071645014015e-11,2.29512640627936e-10,2.24585135023122,999.999955563402
subj_14,543.058889313842,0.000920965500601099,0.00186772084508422,0.00424711124173796,0.00010838478017739,0.00060425482143298,0.000871588477278605,0.00261000281726994,0.0012467156444258,0.0014058398958829,0.00786819908057242,0.00501399870897439,0.00372258653747918,99.9998546761815,999.997877782849
subj_15,460.332937819738,0.0274725564005147,0.056286419688797,0.0163302100435987,1.91095054292593e-12,0.140598797561265,0.0385467897052389,0.00614076093550889,0.161024153990939,0.0357731970126627,0.110358439312271,0.0943314235022195,0.00420267389393543,13.6480928406963,999.999612614168
subj_16,480.739365211287,0.108544326427921,0.512386556284714,0.99999997025286,0.0314082935622516,9.69292019032681e-11,0.121758113876102,3.61361966080153e-11,0.0105677915702457,0.0151339828015327,0.100997259747271,0.000649075326867469,2.3019617817608e-10,3.43140769854358,999.999978714691
subj_17,367.835123189168,0.999999980031928,0.999999998016398,0.999999997196353,0.0762272469618335,0.276990840506583,0.278991837629467,1.01920209230348e-08,0.198954714347049,0.182552171549318,0.0668192108742154,1.7634192536448e-10,0.138089798926578,3.71558221445649,139.498788760315
subj_18,264.971286796951,0.999999971588498,0.999999958001847,0.999999972424939,0.628758220668211,0.323656264150916,0.327173353877338,0.109467254745724,0.187852364914665,0.165718984423265,0.150355005954779,2.39864165135149e-10,4.0616184012799e-10,4.84073836348004,199.370523782962
subj_19,420.432504405321,0.0548418834442665,0.0704257104794533,0.097503422182963,0.0147096154359129,0.0313918148282177,0.0605691676138048,0.000744454511862341,0.0262726423457715,0.0127731104789264,4.75683838573985e-11,0.0331255354479229,0.0622015080998422,7.89139697639261,999.999979665955
subj_20,738.770893576093,1.70663836342183e-11,0.628905605743211,5.8090868449228e-10,0.999999999450833,2.60816798326488e-11,6.8317003022469e-10,0.121674894398393,2.86045073166699e-11,0.487090713245346,1.59587370229205e-11,0.0672246853041285,0.317736221743132,0.64789261854607,999.999987486103
subj_21,543.287270125827,0.00423959629554433,0.0129670259605586,0.00747684659245494,5.90629844772334e-12,0.00676195853006537,0.106818083562711,0.00057998552617171,0.00434380949682513,0.0944859519931308,7.61019544458197e-11,3.24547048181102e-12,4.02984244977452e-10,99.9999904023173,4.04597897973502
subj_22,376.018645015778,0.133264721975205,0.106514406301555,0.18590776833816,0.0201729880372518,0.0628823489725571,0.174831728553391,2.76934043901131e-10,0.0215447514471341,0.0509489788417494,3.4811177241938e-09,0.0509238668754164,0.0737145366096639,5.76269123043122,999.999985709864
subj_23,582.009082661264,0.0217538071872477,0.500047761177699,0.324613035754891,1.34655718339631e-09,5.37695778906393e-10,3.29803711741528e-09,0.00132091489500406,0.00892299697037894,0.0706813736017257,0.999999817337192,0.407988626339432,0.322477106661635,99.9999921720868,1.42148301729669
subj_24,538.516701107587,0.999999988067781,0.99999983283115,0.350887160608439,0.430338225875044,2.11589220494064e-10,0.126699930368279,0.0553827655398987,2.06180385927686e-10,0.0364444896081651,0.351709521488688,0.075916412621222,0.0144622713656094,2.76840942842424,21.2940490322644
subj_25,474.643333569916,0.894500763170641,0.360643861885593,0.999999996135565,0.999999999573342,0.79761665251412,0.469801253067357,0.209488872439341,0.191572074614995,0.154995837827613,6.42975124307282e-12,3.68769374214193e-11,9.90927611293434e-11,2.44174420285589,47.4157501278961
subj_26,535.721837009949,0.000724645225792091,0.000676230021483269,2.12295894537539e-13,0.00475745721175023,0.0013183606884546,2.33006569926664e-13,0.0276877110569509,2.57007353057531e-05,0.000137835346690301,0.00167450550591927,3.24467178948308e-13,0.000321893578828065,99.9999998616085,999.999998825489
subj_27,442.261503991879,0.0268292167752373,0.586804598226074,0.676325116835913,0.0174922051225905,0.999997837536328,0.106751794639301,0.102181605799581,0.596708251421005,0.0247274988338075,0.0341124466386479,0.39397955220606,0.299701424100141,4.8237602430546,44.7029099962999
subj_28,721.541911072743,1.96129200795802e-12,1.440348968656e-10,3.14370618328878e-12,2.04444752811464e-13,1.86422666339333e-11,0.00581071550111858,2.46932698693674e-13,0.00234586426866654,3.8221482798324e-12,0.0141110132784841,0.997314746204206,0.886265774682815,99.9999999873604,1.00000000000843
subj_29,202.460568460528,0.556861074615082,0.0030159092853372,0.39170200045161,0.00124484683743423,0.0705515585163603,0.0045273356539319,0.000691069978293622,0.0950037338692007,0.000245164735828932,0.352334697294557,0.00202320516086475,5.11999781826345e-11,99.9999995376286,999.99988947077
subj_30,617.256748600948,0.00904727730920831,0.104257061693496,0.0860946076581002,0.0160762588718002,0.000599654069245535,0.127065248026219,0.044901913587716,0.0243026781792973,0.0643718777998337,4.68732027561975e-11,1.60362820788764e-10,0.0438674131306036,4.8465565950792,999.999982622577
subj_31,697.787164923984,0.00217827024064236,0.0946528505007889,0.158163295826401,0.051372878684116,6.60656911686034e-09,0.00883328943935908,0.48602080402776,0.962094528554546,7.32600571158554e-08,2.18022894045365e-07,0.406500641149451,0.999999900872956,66.8280188985318,1.00000018388766
subj_32,401.83036376437,0.999999992300215,0.99999999623209,0.204523480606965,0.00633987130586867,3.18255058778614e-14,0.0311668132844277,0.00144979406961239,1.49115328775001e-14,3.7324513749504e-13,4.81326850256716e-10,1.06314335583654e-12,0.0448570068888513,7.75495864283496,999.999999447353
subj_33,454.571053485105,0.00561022152272104,0.025220859767062,0.0335666202157271,0.0023412776935148,0.00390201914152919,0.0648700176513073,0.0107208922872435,0.00248072380101147,0.0428647057109516,0.0229220221343026,0.0511564043125423,0.0206075655947468,20.4563866754585,999.994821957339
subj_34,317.696653259879,0.00139408651731381,0.0108443142519606,0.0149654453518922,0.00189722572450683,0.0065566297786755,0.00652968796304412,0.0243677845275509,0.00674595069466964,7.00596093710357e-12,0.00158787957061613,0.0234908730446748,0.0118694843364524,99.9999998192481,38.7921607205405
subj_35,662.777671643116,0.0601595227926397,0.299524246076531,0.780107266147938,0.999999989333126,0.224066099287741,0.590656719245789,0.650391475718128,0.530327605241168,0.999999958576228,8.11468708870302e-10,2.69505535407771e-09,0.244008941412536,1.323870570658,169.092490261929
subj_36,589.595553818596,0.163738591691044,0.999999999863907,0.21643127332075,4.46100256182144e-12,6.95226420893572e-11,0.999999999540539,6.66808463071057e-12,0.0608810125115856,0.728442776066871,7.4211815315669e-11,0.0885605664595401,0.0626386313634164,2.89441687111057,45.1195166953042
subj_37,728.389885807712,0.999999926531028,0.999999956420142,0.999999943874198,6.7518626245432e-09,0.897901529825651,0.370241458146705,4.3922427477605e-09,0.999999793773199,0.999999672744282,0.999999922462452,0.0700916616096071,0.6067900438404,0.483966223315833,999.999553821871
subj_38,326.167012981064,0.999999862707541,0.0686070406670482,0.396879994867038,0.0335427901678795,0.0161869875031736,0.226217897289089,4.85998130429574e-11,3.71478331223501e-12,0.0832533392717603,8.54016051507655e-09,8.84277237320902e-11,0.116869698500532,7.36531203961914,999.999997086609
subj_39,450.452502009721,0.0112334855122339,0.0507924629282156,0.14002897893873,0.999999963512614,0.126185232643536,0.104931300404278,0.21287962555553,0.0198590752083919,0.0855148824098263,1.59150525509165e-11,1.29784634462764e-11,0.0565361411353926,7.45125965108001,999.999995735203
subj_40,441.698653767939,0.112086833676139,0.0870278027373505,0.148071056533984,0.0221644684516346,0.0381306056649931,0.0616337264854908,1.20554010381969e-10,1.32443565352134e-09,0.0582184404331149,0.237929123292946,1.21515256127377e-10,0.0997925025991925,6.39128588761398,999.999990516072
subj_41,282.531301876299,0.493453518527719,0.999999282248664,0.99999923529396,0.176415703861518,0.183430075072175,0.648619624035439,0.0276328866534545,0.0479688927248182,0.0387642781409399,0.181166373027479,0.0142413836525778,0.252213472645647,4.18630705601013,18.5799493889074
subj_42,701.867565079662,4.49370185973223e-13,8.2217785446732e-12,0.174878134026972,4.1538445949793e-12,0.0194358929776744,0.0372673372151156,0.00303594380160001,0.0152543898822696,0.0591058855497364,4.13181893785825e-12,0.0225216992265709,0.78749843152134,99.9999995519236,2.41520025898935
subj_43,737.836112976669,0.999999997930956,0.267428995869342,0.0893249101006997,4.11173287491067e-11,0.999999988038946,4.05381699781855e-10,4.26173932794365e-11,0.999999998698294,0.600075203969645,0.473745718908802,0.999999998852624,2.57248298979469e-10,0.497419044034035,999.999976428386
subj_44,607.803750819054,0.0573295276836066,0.532731717874486,0.120138639798245,0.0124277321323002,0.291730442253202,0.352255863722354,2.88245587067306e-10,0.104963162356203,0.379287982056372,9.8768987008965e-11,0.230360044649175,1.57714245407656e-10,2.59878533267575,999.999978192932
subj_45,456.367050708328,0.999999997927874,0.666703228052316,0.246661773821661,0.0013466459919131,6.826191891126e-13,0.0827985938119663,0.022016805697521,1.06040405153364e-12,0.135495631674466,4.22184233245409e-11,0.00904389787523663,4.00970239491056e-12,4.57377730401234,76.9275710986961
subj_46,548.985553471612,0.0110765306788286,0.181759053094653,0.0932517414749148,1.02097938811309e-11,0.0175191744881416,0.022723257043183,0.0106786035471497,0.0146275079954209,0.050543380942564,0.0103423427317445,0.0472245797460973,1.05499210971301e-11,4.77910247137092,999.999982591192
subj_47,717.073090899329,1.2914088072179e-10,0.504410424448013,0.770998177856544,0.036897911147641,0.73691224503768,0.99999999722366,0.0314278781993428,1.39635289925279e-10,0.616010379263018,1.54620288057289e-10,0.614008194577465,5.19023639594131e-10,1.40367231353901,11.3354803044604
subj_48,501.52468970594,0.12087163470428,0.00157943834632381,0.479064388692845,0.174322744390719,0.0734258317905999,0.521785789913889,0.199585079830204,5.59985992344305e-10,0.275678839610839,0.0100995149570867,0.226913543702516,0.36993319742463,3.51802567567861,148.844139825805
