filename,BIC_01,BIC_02,BIC_03,BIC_04,BIC_05,BIC_06,BIC_07,BIC_08,BIC_09,BIC_10,BIC_11,BIC_12,BIC_13,BIC_14,BIC_15,BIC_16,BIC_17,BIC_18,BIC_19,BIC_20,BIC_21,BIC_22,BIC_23,BIC_24,BIC_25,alpha_pos_01,alpha_pos_02,alpha_pos_03,alpha_pos_04,alpha_pos_05,alpha_pos_06,alpha_pos_07,alpha_pos_08,alpha_pos_09,alpha_pos_10,alpha_pos_11,alpha_pos_12,alpha_pos_13,alpha_pos_14,alpha_pos_15,alpha_pos_16,alpha_pos_17,alpha_pos_18,alpha_pos_19,alpha_pos_20,alpha_pos_21,alpha_pos_22,alpha_pos_23,alpha_pos_24,alpha_pos_25,alpha_neg_01,alpha_neg_02,alpha_neg_03,alpha_neg_04,alpha_neg_05,alpha_neg_06,alpha_neg_07,alpha_neg_08,alpha_neg_09,alpha_neg_10,alpha_neg_11,alpha_neg_12,alpha_neg_13,alpha_neg_14,alpha_neg_15,alpha_neg_16,alpha_neg_17,alpha_neg_18,alpha_neg_19,alpha_neg_20,alpha_neg_21,alpha_neg_22,alpha_neg_23,alpha_neg_24,alpha_neg_25,beta_01,beta_02,beta_03,beta_04,beta_05,beta_06,beta_07,beta_08,beta_09,beta_10,beta_11,beta_12,beta_13,beta_14,beta_15,beta_16,beta_17,beta_18,beta_19,beta_20,beta_21,beta_22,beta_23,beta_24,beta_25
subj_01,627.528747694789,614.757405853701,588.757524318175,601.614480036306,619.00347024187,584.266200517407,602.125952965669,594.390833159883,606.004380573123,593.64338264804,578.189848061788,612.033861607337,582.654548864074,565.995577831011,576.713412787022,603.419298778614,596.657420899249,578.978575983087,593.252416971319,592.894553781836,589.730639550884,559.778833220928,548.745752118622,556.810229922582,601.869435090051,0.428650884041446,0.384196186298822,0.616063326573489,0.445721853977263,0.383407520478353,0.373828234398741,0.353766379977822,0.7243090384558,0.523601061789549,0.574864828358359,0.393471885193753,0.521050936332812,0.744274279111783,0.404920340527303,0.512148188161016,0.418069282905441,0.558426338953118,0.596965509511652,0.424621340031776,0.471624003201509,0.399649849612662,0.549009314290544,0.741659206000145,0.633089365297944,0.552071107657857,0.0312968151256427,0.0545835610437657,2.16416750082106e-10,6.77876362326008e-08,0.0221962518629072,0.0605291277207122,0.095696257143293,0.0441513264441672,1.23522691396467e-10,0.02592677570085,0.00275706629667848,0.0648072871673486,3.31600467042968e-10,0.0151260038244553,0.0301433988773208,2.48554864684555e-09,1.97650052104994e-11,0.113804675986634,0.0788496003847398,0.0729555713316099,0.062495418301164,0.0379790420143506,1.45299271912944e-08,0.0154810084868847,2.11372797724656e-10,0.970050645563073,1.22834189917828,1.09141341687062,1.16692121278456,1.09835863704931,1.34919964993142,1.30852902491368,1.1230674888759,1.07226698843078,1.13225053546753,1.34425171871551,1.11295940707802,1.09846237054051,1.37751671529115,1.32291905788234,1.149578387168,1.09096566516259,1.34369030114153,1.35305591002017,1.25336886398771,1.3230581897817,1.35549756391386,1.29277514077497,1.27829831490221,1.06473460181913
subj_02,184.596759684829,278.024136238474,239.931507304916,181.155602030886,188.65929713344,185.627937476681,257.234889774443,227.594421046306,186.480835232968,227.889209287711,161.993715897808,217.908752708569,203.266753566732,207.939377502472,278.951865458906,260.818053349163,236.249792347949,172.57422868569,225.42544556874,197.28317806744,235.75531221126,216.929734481924,239.020005749816,235.79029079246,194.502005183246,0.221917965578417,0.20646685200548,0.247166326442239,0.283276102335835,0.259209138282052,0.248031844231503,0.234281996907828,0.255868552490905,0.252046517438656,0.244909303554117,0.21540179524396,0.292150274759851,0.211011732169478,0.242301909952622,0.215791635950345,0.218253256627334,0.211153797213329,0.257846874944154,0.247197260590549,0.318076406906727,0.209702887512819,0.192879509983875,0.284031306467027,0.370637210460205,0.102128870719277,0.08358042410576,0.104656308960886,0.090755323859397,0.122423651874326,0.0838618281890059,0.0596093125587729,0.125042655966229,0.113093229188776,0.0925339359624261,0.0886874562016305,0.0741449847556585,0.0841157013278065,0.0910812868311626,0.0932602379672078,0.110467964524518,0.0991816558519108,0.091854924567334,0.085556500942578,0.0842050930406829,0.0809979240779665,0.108622185242847,0.113126152411113,0.0804291507131012,0.096417138094165,0.0764643670196476,6.24702339456162,5.75967293591989,5.03078928687392,6.02572364868522,5.47361962734608,4.88517730990425,5.96582182464389,6.07428940659294,6.81138825910931,5.21513705454606,6.61451393724322,5.0729321723959,5.75410990737628,5.57044241298548,4.64681662497995,5.9170075433158,5.36699084236305,6.42104175548272,5.01775200616463,4.87793057059326,5.8134922944452,6.53182582535162,4.74783876198126,4.20861332368027,11.3873347453112
subj_03,632.069875705506,645.724787260306,650.070417707052,644.023589203521,659.162637301756,646.410937377382,654.970233793465,640.241216774109,655.445707829216,637.064597111112,647.918387098372,655.610056395927,666.644952664049,659.105925563025,612.162564122905,626.939273761667,650.048906283684,648.880904741288,633.633724753405,663.001203139929,646.595734819697,652.796710128959,633.555342011375,644.266202626271,667.437975794555,0.22610570425054,0.0682226809140028,0.493477254832041,0.208371988586655,0.362408040610468,0.0800914332224821,0.427054918889589,0.0620410123673144,0.418770085937228,0.245579588539615,0.294364719780167,0.477949691780628,0.547545733087717,0.471330976339881,0.487430904252283,0.277679029327078,0.159466937554949,0.446092503160378,0.285158654508426,0.29559224624976,0.322945461678958,0.166014374246638,0.397430312857927,0.240641042460798,0.000269340153469398,2.23117406060074e-07,0.00844850164032448,0.140325784362334,0.0769822090657437,3.71783406095179e-08,0.0233562595676244,4.41726993076135e-10,0.112028523720888,0.0851599835318539,0.0132404755126363,5.26251993284754e-10,3.40952045002582e-09,9.366249353728e-10,2.95609243606896e-05,0.0811467408572391,0.0163494142745366,2.86823799015895e-08,4.00707815256127e-10,0.0343321584223909,0.0927066246188821,9.28386710758438e-11,0.0149882304531105,8.98461874323674e-13,0.0209490943703683,1.59662977361962e-16,1.0047814124697,1.25380631202416,0.785026777620324,1.00861149743673,0.646194584011852,1.24840470927433,0.69611361890951,1.469598940889,0.707569185474053,0.951294662165571,0.821760909338936,0.69382483527142,0.525643671940912,0.627781235990019,1.10963977787701,1.07459254996678,0.876413383598715,0.724419649583723,1.09595463479964,0.709313229658702,0.872873436720633,0.938509354108563,0.912479532421116,0.924707010417492,99.9999971352689
subj_04,415.520245896691,370.683033148234,379.441754238695,417.606252333399,331.754907526489,382.595239196403,344.912638833622,373.917780099985,413.160003322259,314.952729311166,351.933663829311,378.018720111715,312.369072696098,322.957463440806,370.355242638149,400.100969494982,428.832318966159,345.666689881926,407.322294965263,275.400587492937,274.337792902931,350.323105087228,398.508298008391,369.827302230822,392.814948229116,0.196013251838476,0.106146512803268,0.244426811061556,0.113515884931091,0.0829601023213543,0.190755434605748,0.225636204537296,0.296431963157967,0.242713677943438,0.196464582795232,0.199581749965316,0.209785701489426,0.223075936420506,0.146321614780049,0.103738331705621,0.243184648211686,0.212436994550644,0.194535168084818,0.177642671972249,0.184849744694659,0.166719106086677,0.189452265138471,0.120685898322273,0.172556151832415,0.153249130047832,0.0207489424304964,0.0440247730774586,0.0717435603767334,0.0418099959189561,0.038281104580356,0.0528436966492204,0.06756137533781,0.0763276158888708,0.0544854081670827,0.0594637372579829,0.0396114813720789,0.0614158505527175,0.0589874600053367,0.0507665968353987,0.0182104858429692,0.0582235791308191,0.089496635126102,0.0693672821665102,0.0455760215528584,0.0288198032606821,0.0795573584382203,0.0518754481382484,0.0508544206209237,0.0657307365458122,0.0474592056208232,2.69179489574385,3.8905770844793,3.22692262611453,3.60633139137894,4.75273601953692,3.11751472348134,3.57637878765809,3.23916434959808,2.99802603722666,3.62224536969629,3.17145034581091,3.18181988844006,3.53332161064838,4.49676701424477,3.75573767786357,2.99215431959291,3.37496301470362,3.57181173809606,3.09799521491895,3.79932392942708,4.52035041727721,3.39763742957846,3.96513750147418,3.43240650141429,3.41713448387938
subj_05,625.447315481663,644.18818604187,620.48075756491,612.16465820008,613.764879818484,612.020272653254,638.657277167286,611.463011396964,626.336083580256,603.936829667669,616.194662190932,638.779159661515,628.073666928814,659.066726274775,637.252534484423,608.857629659891,625.326145575859,649.409840226551,581.206893125675,608.336609217538,604.316839280948,641.031622433334,637.310232887406,619.452481782481,622.90645697952,0.689814865909153,0.68702551705181,0.246915611795882,0.656265585022204,0.999999585879742,0.63991009218973,0.551614960588682,0.433658941972834,0.433746027530849,0.594073391761331,0.853454758465329,0.908792691166677,0.674243849479113,0.696252450008782,0.769921549912832,0.495458713332335,0.932343975042088,0.397504892880784,0.579899732421537,0.320683863310887,0.516071127275967,0.664550414348862,0.656445613995841,0.540191214018917,0.63149251940827,0.617094538645172,0.451120908481175,0.152068074960269,0.348223124001146,0.311367226341503,0.352731874294037,0.371616724618708,0.31183013165686,0.123383478066963,0.335169002300707,0.541264460047889,0.320217961137813,0.498933178830227,0.179690007280654,0.409275338204394,0.337509192410588,0.480914289716532,0.408206883989646,0.333674251958992,0.323936582780841,0.366163682153296,0.544261977925377,0.254165539689059,0.232682802998039,0.460636265564626,0.922385003126317,0.812382778056576,1.28149343890176,1.07917328314762,0.923864371989284,1.15913300408363,0.907621537361946,1.28580280589032,0.974438321837805,1.20041663335785,0.987658970488001,0.763595294457997,0.969571528216153,0.616359419098543,0.83865196235114,1.2363192050083,0.888761524110343,0.818126130386379,1.4049917266603,1.34122579871936,1.24140433044829,0.823847266789864,0.844346766479241,1.08142427510818,0.989713632696879
subj_06,673.468584058455,675.623296443529,675.237896554369,666.335420878033,656.092581895989,662.409489628404,669.171609820195,663.242704937862,668.51858001197,668.117472877298,673.710369874864,677.751137666631,672.362168212445,675.64308388764,656.994775279963,669.693535663576,674.74483543122,666.247277631064,679.689026974866,669.176302294119,672.215428682489,676.292056716284,677.697983869888,670.528087713235,667.899386648944,0.34842256125595,2.57333653873877e-08,0.999999999643711,0.421928850373074,0.787804726839726,0.999999995936506,0.670530121733499,0.906003540796528,0.999999998896231,0.999999999903305,0.99999999999994,0.999999781812918,0.999999753219567,0.661637753511721,0.99999998519103,0.909171062421849,0.788819656801265,0.991957089877661,0.999999572839815,0.999999999951485,0.999999999843945,0.504880498486604,0.999999832268611,0.835907655556753,0.986213985080198,4.92086064083974e-10,0.264990156325818,2.35344580637214e-10,0.0628401690184778,2.11317030223481e-08,3.43904936751915e-09,1.48727914909577e-11,0.00118688545237823,2.9397344914605e-10,2.33479524179394e-10,3.25181164564595e-14,2.13048169101021e-08,0.205064869400268,2.33001907612586e-11,2.35688188174013e-08,1.78137970650833e-10,1.36028038136036e-09,6.58317312918525e-09,0.205659227585417,1.81846600569248e-11,0.046863173343271,4.64666497121372e-10,5.43909219654671e-07,7.05338838082936e-07,0.339047334987432,0.41970763958066,0.471377677370117,0.272866877947022,0.598447876442593,0.552928093144328,0.434038407015779,0.438487216410997,0.44661719567828,0.364930763295902,0.370125810776408,0.29768256500587,0.229819571281447,0.349980773094708,0.326018040410467,0.485937450812757,0.373121163372461,0.32847799025606,0.393289001120374,0.207685251407906,0.357710733189089,0.328909146893569,0.36347815920315,0.231801445793994,0.372958992726233,0.435693053105041
subj_07,273.783463817399,241.163489306441,232.614679354163,244.627176585965,237.599683864154,198.928865136746,179.105467112645,234.985450005989,183.425655591773,205.195781987422,204.515706800483,194.694636132263,237.647154299925,197.732192736217,226.843677071944,204.115674532352,220.540307623971,268.6470648344,228.125594196209,249.498765510644,197.339205733512,199.433145850979,228.875745584052,186.0958266607,299.156845002358,0.208736722952184,0.284074199768051,0.164340892440514,0.20439387981499,0.252103800134954,0.277383160287878,0.27687850578916,0.303141203870347,0.44735950412855,0.189278945589551,0.301743053488206,0.238506140961084,0.262495804036221,0.312160721110843,0.190539272439134,0.204674359402414,0.238920297570975,0.248969176993156,0.260232501785093,0.277415818427364,0.244254257489983,0.328908792454093,0.284038893146973,0.308312345837031,0.260960536135797,1.45269968890351e-11,0.0176516526383171,2.91578342979661e-12,0.0171632268495388,0.0276091884218795,0.0053416959514061,4.52694054727161e-12,3.16502741213315e-11,1.87596453992511e-11,0.0405524170433926,5.95786012421026e-10,1.1750092165422e-11,0.00573987961195383,2.72271721700256e-05,0.00562174226944114,1.93194573890778e-07,0.0106099131321224,0.0176906998194037,0.00774614792537082,0.0294907278101522,0.0248651011809843,1.88798221789138e-11,1.53541960543995e-11,7.18537472729219e-13,5.50770264746779e-10,3.43848197439823,3.27890883964683,3.49584674449065,3.93665432812148,3.68456947094956,3.70123233763426,3.8413734691724,3.29425683914867,3.48772922204248,4.59313675377936,3.42340992264903,3.94366968199837,3.51860340101326,3.52350905640014,3.81275732389798,3.74729468475353,3.56902463959142,3.61845372061967,3.71128503026305,3.6948645714568,4.1948638089852,3.59546145944932,3.24998469403058,3.66657397788777,3.05331068129038
subj_08,407.085057662945,354.19736907372,341.351069106516,311.032862540471,318.6118502945,339.996244418581,371.419158950594,342.119591567089,368.361548948309,340.510309807745,423.438887090197,332.293516743139,365.361019956756,339.929928642651,391.421612286117,353.886131518205,446.314093301237,413.908553037051,369.551243077626,361.49257312057,395.638984219047,379.01218115498,367.954761453073,368.848743468456,334.79637776084,0.208050343257036,0.277517654851098,0.293037078150564,0.206386282954131,0.328455112056386,0.268721676882998,0.221638656774135,0.179534681145349,0.229860475767116,0.270545606874382,0.216502668064673,0.446348928880372,0.275814459917995,0.197560187065533,0.242542480036906,0.290801910840012,0.279724218916496,0.147876010633111,0.276787719096769,0.263580596934695,0.24997126540834,0.253191322706985,0.229497730333306,0.223444613952834,0.304545021461271,0.0134480638789652,0.00447158051257804,0.00372722164755457,3.2084236670528e-13,5.90131291095422e-08,1.94499940161641e-12,0.00548820639517663,2.75152038249993e-11,0.00941382091489091,0.0144289066901949,2.63230224032105e-11,4.15626297775898e-09,0.0197574488104857,0.00365466002945305,1.20927208669318e-10,1.54546801391137e-11,0.00150683105234427,0.0173958673464231,9.83357943706773e-12,0.0135759925042005,1.09805275707258e-08,0.00736752358831608,0.00119641313182748,0.0217170828583087,0.0424511263228772,2.55890621787933,2.6014800336879,2.68470345856912,2.77502735164406,2.68850128506192,2.6909148756183,2.56541399586276,2.71490560447907,2.62771631570601,2.9697991903446,2.41987980513235,2.59464699906044,2.53778439796824,3.00592145741828,2.48349789051707,2.49052351522234,2.28507422609912,2.86403927210247,2.30452289660792,2.89886210174793,2.43301817864688,2.53765716515193,2.6523130723035,2.7362571740829,2.93046643845735
subj_09,539.655628107885,535.214048745642,583.03514700243,570.994493838928,557.938757705521,562.862780250461,567.028667576708,574.705550939575,522.758664936024,608.396741262668,570.119257026608,577.468941143786,537.578842503505,570.015009665362,545.743451686976,550.765118907755,572.090917097127,580.65171792978,587.048118439001,548.643969833828,526.738679127975,572.695871676841,551.534768656545,572.648488263493,581.154200758303,0.596526870757906,0.99032995085722,0.523747428130298,0.394375649579854,0.771799557661494,0.878820800212425,0.295225024240367,0.751312894495098,0.583307554207127,0.506978969113025,0.493958342877011,0.476211720470355,0.706282802679411,0.56042975908487,0.856395688437122,0.43977649478701,0.461355106347157,0.642300296062753,0.994551827198489,0.489744901655926,0.619322974029985,0.53882727139513,0.568735312526041,0.59482400613564,0.592413667913565,0.330781675366072,0.383669959962573,0.376115778557836,0.27649170646053,0.157329475845802,0.290677798726757,0.250920755344343,0.389866855775317,0.246111726169088,0.341668274277683,0.346255483357526,0.38888763840348,0.412310138574997,0.272270459073421,0.377246517145547,0.36192824917592,0.361263849534042,0.210580527488335,0.411560249625982,0.221536879352655,0.372168080194209,0.304016173087367,0.383229011169065,0.252741645104875,0.288723487286595,1.71160944229629,1.47763446698808,1.48095186984877,1.58514064087315,1.34065173250467,1.31343744504969,1.89471169728131,1.36431097712715,1.84712337236111,1.32439427033095,1.6020483245212,1.59386693890544,1.69508447214546,1.5185766919106,1.5480897631811,1.82523518373166,1.56363909680491,1.34740333776907,1.15941588956787,1.71793489636711,1.69859614359384,1.46834387175838,1.68712587937412,1.40930309464579,1.39782076901784
subj_10,547.412832930568,554.030301341296,589.356187882729,598.02551290609,563.288453318962,591.399034991343,536.496791572726,544.678843705616,563.399369199807,580.668884120419,550.917239445544,565.867218720181,588.696637994647,550.582310124545,581.314261786337,593.074717710149,590.735619888634,601.247366325405,541.733407577681,581.747574943212,576.488948413883,542.232242091723,528.672703133558,568.799704268085,580.261534748261,0.493515597035964,0.618212095113793,0.731287106769251,0.784347032022312,0.545854672565913,0.703172609758632,0.473075108230645,0.60937703647966,0.526881167360226,0.305235322221832,0.679596799916626,0.267808523974576,0.913961020587402,0.648122882382949,0.714997022090731,0.469213262326208,0.388427366465092,0.41196897599516,0.353616753341108,0.577735309815584,0.497799400547873,0.756694656980454,0.586652804508522,0.667378350705631,0.622430216934954,0.415503716760766,0.417651154697665,0.439943294835875,0.440860849552666,0.41742437187165,0.450689309643642,0.481810585416038,0.398992414543122,0.35245386966431,0.366687331150834,0.475061038917955,0.347634151874282,0.432417429970732,0.326201636797615,0.427073783835608,0.320686355511524,0.372944121467667,0.298578233196653,0.308754375424184,0.491664731231891,0.464264559799345,0.381359179580663,0.376675861794503,0.512410588570241,0.469552587830373,1.7012519358329,1.59939209356055,1.23719626981526,1.1475241173157,1.53565035592329,1.25133387257288,1.79220552430859,1.69778850141951,1.59410555417226,1.59174193902599,1.53466025503839,1.91465269958335,1.19060409339434,1.57979541442851,1.3109833207879,1.49016854751517,1.52988769961429,1.50512272654337,1.92984981928851,1.48396300389399,1.51998661530039,1.55027702602293,1.7987666105486,1.42629737377058,1.40066646825661
subj_11,415.398247849153,532.166033250766,496.563085738578,512.806951128199,462.37297937547,495.688869744577,466.922043406266,577.382588855777,438.488342520989,496.965668633211,552.234993629141,484.804173579217,521.037785666474,499.0804394747,538.579098680079,506.435006008809,465.152756574625,474.861429887432,444.945139335235,464.217368735622,428.09209796842,514.055510380171,526.088782921178,476.035642495171,397.348982895465,0.0931567745587211,0.141326264461464,0.125703191683395,0.0390276238339188,0.117407957467363,0.099021486496518,0.0650680886321059,0.0572851572605387,0.151253133441464,0.0531363337664233,0.0681600730119556,0.0756549791683338,0.0731488081889296,0.0714144488764049,0.0888753183195716,0.145817023923217,0.101640554250494,0.0851346077505915,0.0339232114345774,0.11684160849705,0.0855754843248178,0.115546560951122,0.0705602098602149,0.0819028863576149,0.0767550510497556,0.00211353711388544,0.00356727245094938,0.0100621540680117,0.00292780533569895,0.0111847924297174,0.00591471648133941,1.21585436003841e-11,0.00904517469820388,0.0109275924726883,0.000818006861720827,2.32578413223621e-10,0.00175351024644185,2.06570688017105e-09,0.0142059065555437,2.16264933956412e-11,2.97910091990025e-11,1.61667917688647e-11,3.84830905335189e-13,0.00280643299316555,0.0120508804440918,1.53272339702562e-13,0.033635908858921,0.00941715531884889,2.9603351068785e-11,0.000651310471797656,3.02166070598342,1.89946143912793,2.25990117561935,3.17953536626149,2.8118892708695,2.174380063104,2.92539103060988,2.45979476200747,2.5271910173751,2.89271782594274,2.61681162206766,2.64398713399785,2.50092662188378,2.67542408681774,2.19306871742304,2.09800162092409,2.3810016802915,2.51732829206106,5.1090821888419,2.57056232209017,2.71421165256613,2.45830227739035,2.48150245395598,2.76510368693051,3.13110291511581
subj_12,643.297668018503,655.917689842165,633.835478135124,639.631208129299,643.06348198601,635.783595949353,650.31232700411,648.840617048355,643.691087624026,638.136560212951,620.955645613838,621.321373659065,650.133052409392,640.057760821164,654.080574453967,645.018410561039,632.537296981344,651.154339257462,647.144385406214,638.050276256032,624.913983691987,654.657923071678,638.616560544228,655.636110654627,613.842442780529,0.859647639368096,0.818399636777241,0.438343759159025,0.379311949553537,0.80845733386684,0.60559117182296,0.750607785227805,0.606017606206747,0.686775057098767,0.672847908400386,0.80202375789316,0.802975780898753,0.431669201556352,0.999999817643437,7.44851039125153e-05,0.705901614660732,0.770629047762892,0.540122722775389,0.67698994490705,0.850383046655511,0.999999927716486,0.854618356398095,0.691805758117925,0.825082811074932,0.857154395241824,0.164956741078249,0.297939679174449,0.0102874776458091,5.50492112081273e-07,0.12568069435436,0.0306346210882863,0.149040809550708,0.189657470632794,0.0104057873566331,0.0872392448228151,0.0506242816793781,0.156323515647728,1.54532303326174e-08,0.422951382111731,0.000565341681869189,0.0182966336591495,0.15169977833612,0.0659649882297923,0.225168596888769,0.292864396140035,0.13445441015108,0.127732569054091,0.0251931783429742,0.173751683062291,0.086904768125129,0.70570287830401,0.618105051170902,0.86122626439833,0.897988867485429,0.739480940873203,0.814494979700723,0.686695526856415,0.772584421436916,0.698927801473578,0.812823572022079,0.855823197423502,0.923704655384238,0.724327299403312,0.732395236602866,99.9997626506122,0.730360850496149,0.852324820527208,0.732722763259721,0.769102112233112,0.813663557857042,0.817465209887144,0.598200266719977,0.760588193986385,0.613761774277814,0.944199472980508
subj_13,645.823164616436,649.09717582669,655.957457450583,663.718783948636,662.431930376101,658.636834619403,669.357296866791,640.33111585341,650.14191748129,672.201571942568,642.661454656248,651.601302483801,612.636878734025,642.159340022603,666.703939036068,646.782527098527,645.505763086219,660.600902948988,625.252977253249,641.382492540372,632.748365174836,653.204031418084,658.279535858201,651.490070356511,654.2998706652,0.74782852958731,0.261239901611807,0.404600497656623,0.232629445597298,0.13824215165146,0.551224274251068,0.426191111740489,0.60161995546133,0.662525469540484,0.54028136006465,0.490088310620823,0.923695153282339,0.785861024481738,0.632237039129255,0.741785581242396,0.55138871340408,0.558751405197443,0.685265362537696,0.806241295427311,0.370988883192616,0.481381271253137,0.755596372324787,0.386194216780269,0.671291321438393,0.554025754969981,1.18619730717778e-06,0.13842663063636,0.0159074020870365,3.00699060036789e-10,0.0139758128024203,2.03351298718032e-07,1.31108450852278e-10,0.0344571157321753,0.0285911667874965,6.60316461290499e-11,0.0510666328029301,1.0682760612253e-10,2.63984360809513e-09,0.176226088944739,0.0411928921873975,4.26345139908941e-08,1.63568901993954e-10,1.1739816170604e-07,0.120439964267421,0.0495754219138208,0.12718617696859,0.0760399134536119,0.0310278028309755,2.17893198793764e-09,5.00526076887467e-08,0.645842468382301,0.911094871000333,0.706702310497785,0.649048736916605,0.749861868815642,0.607681130320452,0.533177329298801,0.778635944108416,0.670409253299223,0.413581533659821,0.802308812402573,0.55660231344423,0.895609838130129,0.813785696605933,0.469612479937517,0.708183434083349,0.749434152811876,0.545116174347381,0.879938421272669,0.842353554653859,1.000543474941,0.606033662058993,0.682130729012873,0.648045408453104,0.669453840197792
subj_14,430.632896570968,461.445411504497,439.359667051142,439.707423965217,477.124326903041,493.039716405128,466.997017526255,460.570299246679,477.720329060747,491.286465766208,480.878475307952,457.496005911172,446.958927856758,447.036834295718,452.44813525302,539.371971823007,485.559921532581,487.803073502442,485.302162062883,476.615544264523,477.133709857777,437.041104305147,473.290771799233,479.80577582578,512.397329544832,0.355473725609741,0.301973239303103,0.20349058580236,0.268545766667141,0.208324276373337,0.2572338837224,0.19217832298678,0.342757960000748,0.275708217083055,0.223222279069142,0.34836349215112,0.256603660729974,0.239485813279626,0.313958487247161,0.228635410797919,0.266509391082151,0.265115665930717,0.210378386799449,0.250229404060056,0.211639965876572,0.196371838855637,0.217325576505194,0.280333688715115,0.348590310323127,0.243287543525436,0.19135348274274,0.144782101988533,0.136064829988125,0.172833595881104,0.173465715422069,0.164871432553016,0.198670103126186,0.175231946675383,0.206010421008367,0.136471747340727,0.242704447627974,0.185724346585329,0.190014619868702,0.161577657584565,0.151622164109239,0.173751796272898,0.158722405575637,0.14858576335816,0.139769686354068,0.223968978461707,0.130492397856169,0.251490203741124,0.187329861953247,0.213351777269894,0.142085090192363,2.80840551812633,2.54961005674496,3.27051631576348,2.84140474871291,2.81417559430532,2.5489467834768,3.08899874958718,2.50341407437283,2.8327264083335,2.59818581915879,2.59229582640149,2.92115879332111,3.01348495862839,2.85873661455858,2.99439137424041,2.26957950702041,2.62234606534991,2.67675737564249,2.33844993019399,2.97012146493874,3.06085916510481,3.57338143408704,2.71463569085656,2.49837878601344,2.46475086219287
subj_15,391.777900536405,437.678394085249,458.891740000697,438.821554225947,414.653944452667,509.550419725604,427.062959920923,425.920787347558,401.259063840594,455.050248326899,480.125617215557,483.777945072919,396.330649250064,471.61419481183,428.725509186431,452.576325600247,481.44804015467,428.245770276682,515.09824787724,447.939525326446,472.502328116746,422.108848985587,367.956745813086,398.960212281839,450.334287624008,0.164463964790822,0.232756146762977,0.126513951263382,0.214171806541537,0.210067809400938,0.232209078289571,0.195851159858809,0.282057405664194,0.25100415542064,0.230847955979728,0.278001008203871,0.0903780423174239,0.190281962048673,0.294955366318389,0.226576919245118,0.319478532034921,0.22909524165335,0.165396250239811,0.330313683133919,0.213353474048278,0.236890528339736,0.319547090234342,0.211787331198028,0.138589525340338,0.262908643374105,0.0795922107677793,0.0921565728553711,0.0721169304027118,0.101792454547819,0.0995603552195054,0.0557529220631743,0.0707231530332552,0.0805705821997765,0.0523984180775178,0.0879174622902198,0.0279721565191714,0.0406826298342572,0.0547928440161478,0.0339973312877898,0.0895539568310598,0.0566459992228058,0.0543831135465282,0.0512069606730286,0.0908637399565178,0.0612290972733233,0.0313120630337958,0.0470246078658866,0.0581422833594728,0.0429377765511823,0.0259153629549919,3.19807862930598,2.80741697314514,3.25713076769907,3.09928101395689,2.95808894924874,2.22421751398531,2.77487023110684,2.63461130712842,2.92925351782769,2.70587896809291,2.18650505400006,3.33176174237382,2.98361713952528,2.17339604098188,3.10237102384518,2.45534679227896,2.25171898589053,2.985280520094,1.97273297234299,2.54304537203862,2.37503735562257,2.36016938209766,3.26368852405923,3.24965870633388,2.34797857332989
subj_16,431.648678469752,422.772209380571,429.667816152908,478.078477456904,433.455485688318,531.513226280336,455.771434855112,474.337206551262,488.571278147944,456.570953695348,528.071111566013,465.190009002689,490.265795892759,450.091504681737,467.514551826906,488.040530532369,488.097117715278,402.159163275028,544.869627954809,474.797030915092,485.891820421602,503.516370825634,428.18399895924,463.758542500248,522.841019412858,0.355064038295188,0.301463458337418,0.266624703605507,0.30367440984397,0.460685467469747,0.344097407250766,0.333654959991466,0.248905988020716,0.385206349505907,0.285121679292999,0.294139950400658,0.314418115590375,0.322832081983686,0.318731291825917,0.418854799757259,0.395063434240936,0.423912622094587,0.314087569126021,0.367739729213995,0.421914308486749,0.260199874529131,0.344559505505492,0.503907451729781,0.277940868276342,0.28840672676117,0.058658282573843,0.0198447018733106,0.0211553369470783,0.00718283242178323,0.0598451806973088,0.0166111160801562,0.0193096783793353,0.0157586840528711,7.36335524420931e-11,4.55819221449827e-11,0.0326644124967731,0.017109483561012,1.62460753340246e-12,1.20015232592818e-11,0.0271413274853339,1.0342186030258e-11,0.0541579873277084,2.81348063292843e-11,1.26003374019828e-11,0.000213429273301684,1.13663648998146e-08,0.0281891198531848,0.00294669040500508,0.0149323033766757,0.00166941605285925,2.36750029878317,2.2088707649961,2.14810124513203,1.9989798645933,2.2316457394834,1.70021758708539,2.09656477949982,2.16244200119333,1.80583043402536,2.12420072499344,1.84119571884548,2.04036909753221,2.02525954110102,1.95863267873792,1.92713714190118,1.85889986513535,1.99784354622261,2.13708737036989,1.63947376150579,1.80855748087724,2.05212623836563,1.88861799982358,1.9770868596861,2.07694885227496,1.77961817509775
subj_17,303.222066051081,385.446442842591,347.897837229792,348.181587813278,384.613113882559,311.362661861,341.522402144091,333.391194628395,332.946829835996,311.553014098967,325.570214333113,376.552192472742,435.485666577749,338.933755704133,303.176753805316,310.342769812169,303.334831754294,303.447898919396,429.292876125283,333.260195303672,249.432252215349,378.003098020129,395.24753057959,354.723422386903,369.489909378643,0.410087439066926,0.445128120603434,0.413871671971454,0.405944209043714,0.322328131350652,0.399769969531191,0.459101533103835,0.510895189151568,0.398340309587434,0.445335046690224,0.325992371919193,0.404051862686514,0.390323483644993,0.428844236493357,0.40190177553998,0.526072729131637,0.499116567048294,0.553640083398768,0.469820837638171,0.304583286750655,0.375936798518836,0.359719392451491,0.420929660903632,0.474623822081693,0.383399094539414,0.0363836467679463,1.85883148807789e-11,0.00404899292653074,0.0514031547987201,9.34897467239392e-11,0.00737885370318812,4.42391648542041e-13,0.0276799653469366,2.35355654873911e-12,0.00432613099842223,0.040941574428821,0.00169648007104064,0.0118532761248385,0.00220564335157347,1.20109417520795e-12,0.0247570704530061,0.0225016326159255,0.0360483630791725,0.0373169084908778,0.0559957980316621,2.05446957344355e-11,0.0307755169428549,0.0104544155442802,2.35255250663909e-11,0.0396588414213897,3.19011384977184,2.31312014053818,2.50546346156475,2.73482371035805,2.59599576983402,2.68526437346966,2.53973872309768,2.60840856524685,2.51352600622143,2.7373087980573,3.13684247636274,2.40290973189299,2.15331558018325,2.64059758961863,2.94044460203763,2.84185312879516,2.86058570548329,2.85537229810971,2.26077153655456,3.19534767397953,3.07211403393356,2.61901535770506,2.29942076076926,2.44165348996601,2.6258123347665
subj_18,246.162601679068,292.516755742304,243.500853613871,346.470467173725,228.494905854248,144.153597807731,154.570703536956,250.142221717623,200.535452680765,203.115590357145,172.230030832616,176.672126486422,217.339840803701,196.704643753254,196.247444852227,132.903334693527,255.865554764891,225.443945515464,192.47766208042,233.602656213724,169.140664404032,321.113184533027,291.327725878978,211.036920432535,235.75198440715,0.415734631354294,0.359800067041201,0.338995020684069,0.269645388533741,0.244500295222908,0.482917966480149,0.256806831975391,0.350005469111347,0.366296155694892,0.269951846094293,0.206546655971728,0.391028347884912,0.394951483503461,0.379543380845865,0.215839903615224,0.371617370736729,0.387364533325277,0.319206373763901,0.320399529764042,0.306385948377723,0.446748880582872,0.342050468708654,0.306070890355942,0.416755499983163,0.290801024175343,3.26022427308812e-12,0.047396396797554,3.39037393187085e-12,0.0427468496630402,0.0302505081471434,0.0410454339853935,0.0234608352099985,0.0304065968987492,0.0338130242969461,0.0432600004009599,0.0101085225557022,0.00597020753526774,0.0594601910963644,4.18526862764869e-09,0.0290769192619635,0.0401489919932009,0.0125985267236904,0.0203803064197445,0.0142523903088461,0.0257383516061729,0.0306004222969765,0.0216655689965411,0.0502009441511405,6.84637091801592e-10,0.0190670826388005,3.25156097650296,3.57165853624474,3.23043863295381,3.31291837102411,3.90125070402429,4.37694113916364,4.4815571503476,3.71055880157395,4.12354124179275,4.4588425210833,4.51901482139823,3.73387452296118,3.98304482390551,3.58215337728513,4.04108900989169,5.16615809320759,3.44414582741838,3.6447637032161,3.91192556040156,3.63004419245362,4.03919209080826,2.87365183121876,3.70137925327423,3.36936268510067,3.78354851183526
subj_19,326.111470508801,308.156083139236,294.892206484103,370.85118151004,296.707762413467,307.735168658121,335.423660845926,324.472065649468,435.839217011633,311.796272834538,382.078303047339,431.287474003708,349.978389518048,393.916756806607,361.141169461497,343.11365707911,298.56938226763,393.656642508924,337.915712817603,355.587988417188,467.272234391042,325.616658549522,266.133680099885,365.294289074162,385.569339322582,0.132529883075137,0.136401047393821,0.126662351480857,0.197190109715995,0.145658688030876,0.0984791550055398,0.106178170192887,0.0782948629043264,0.190861398261255,0.161846596116795,0.0615941063974785,0.185691792468276,0.181222503928385,0.155620274311582,0.0477552107041008,0.111030703702908,0.119887016016358,0.13632679870143,0.116806733951466,0.0948909466487392,0.103342290889157,0.153565821663258,0.101512349372721,0.104526125730919,0.115828066902387,0.0415506081426725,0.00319500844909535,0.0323718899712363,0.0219443549138049,0.0256164193149101,0.0220037801076828,0.00990859807632279,0.0283923775822006,0.0257400682708566,0.0311893754173826,0.0180833418912526,0.038321050625467,0.00843088556128605,0.022972440891497,0.020943476899914,0.0268441170057496,0.038210185402393,0.0188678541718467,1.79336241488253e-09,0.0157540385196242,0.0191057880222856,0.0245821809359132,0.0134933542710007,0.0185841796190329,0.0207102823926516,3.94886078621669,3.31063318104845,4.06342532385442,2.93703748099586,3.66560922233333,4.17433795121442,3.6180654070311,5.35326320972795,2.97648473080709,3.66556511689822,4.12929481925241,3.14501614665886,2.90693390933582,3.2701163449652,6.01436370539085,3.83897545675143,4.34721868233859,3.16434143314923,3.28278007730582,3.74421650706493,3.00665122082959,3.57185884797571,4.18601378556143,3.6985907910469,3.32776798307765
subj_20,683.634926638893,683.178278183184,683.634925680677,683.805893875612,666.125819700397,680.617044834582,682.091588614627,673.05456372994,679.984445560223,679.783917757791,683.237797630629,683.931545923541,678.252444984658,682.30320307491,681.501738428914,681.400228777451,682.521718377951,683.234765504731,678.576564086463,682.603682175443,681.667505514329,683.927932146155,683.940444213378,681.723070984498,682.823684466282,1.55031999986508e-05,0.999999685069125,1.39193966624544e-08,3.85819963587808e-06,0.491964515699359,3.77022805230941e-10,0.266053554247182,0.300320823531989,0.0395514925320754,0.150224448162663,2.03758535795089e-14,1.49329976420084e-06,0.0134747530883047,0.113495359496841,0.999999346458041,2.79149980464755e-05,5.35210296523962e-09,0.915624051495165,9.28944066898113e-15,0.999999945879041,3.72150227055286e-08,9.85300041518073e-07,2.05314484154124e-06,0.00318869032292488,0.339857306468522,0.999998942143286,0.574636753171762,0.999999986631727,0.999999458964613,0.562764958191839,0.385239065315779,0.999999978931296,0.999999998329316,0.488617054981157,0.509732102200266,5.8836972672994e-05,0.524815892663534,0.311256755108586,0.0197823741356588,0.99999936221984,0.000117233190023392,0.441619944704851,8.94739818141042e-08,0.000196979184952725,1.06712007799984e-07,0.667876287262601,0.589990687504739,0.64234559384881,0.623484028990778,0.676334697552817,0.0512937221659085,0.091446177376456,0.0512932807022412,0.0341913532243602,0.547155630246254,0.273778679754811,0.142316359539621,0.340055771031309,0.267752677847707,0.27799513698207,99.9999154017347,0.0137839222022874,0.388277911000753,0.263771340876883,0.143706898152291,99.9847342904173,0.167619872900611,0.0819351907184696,99.9999976916695,0.10716885545979,0.180415499994555,0.0151787185010686,0.00546500239088022,0.189633598594839,0.132867825224642
subj_21,497.717054985009,500.022599785955,502.367757089991,525.183687487302,574.751350632308,514.606160280985,548.918128775826,482.746666401695,457.487766191611,464.03370401435,539.201521267023,520.695037657235,461.764562904887,572.438183486221,521.883948522352,512.517182449375,480.530923230784,515.689035345211,539.330248517678,522.31604258129,547.875476428117,580.233994042052,530.674644798573,468.986357079626,494.500952849942,0.160115400504213,0.28934934067263,0.158157815600008,0.199311922890282,0.230601478150874,0.182959009414494,0.231648809273513,0.121769618176429,0.130687806072983,0.27583718019122,0.198377218833604,0.208186490960247,0.204396946569587,0.1517016421584,0.119823265486353,0.151471512765714,0.265687048097378,0.136755938038096,0.159624099246438,0.156749148709768,0.0672127085008122,0.334104498537511,0.166431298075956,0.15701782728155,0.169165072988667,0.00673961622428432,1.25489992975556e-09,0.00979215951285263,0.0372298844405294,1.79322995570873e-11,0.0207921281254062,0.0194960900585814,0.00912607537983938,7.72513453209546e-12,2.8882277486568e-10,0.0159465720914491,0.0556424672115095,9.2373671996061e-12,1.97868541711612e-05,3.44705595799662e-11,1.12472051770026e-10,0.00316399350001607,0.00417034979754019,1.22583007729876e-11,0.0442833961619258,6.47345228371986e-13,0.0109086657810499,0.00949487404364787,1.38376592210946e-10,0.0195298862644669,2.15989159569964,1.73826518800933,2.18526866698377,2.016178780961,1.58943763460254,2.07568156920897,1.78182751935624,2.31268925014038,2.40674539845034,2.00563243996154,1.88081632330259,1.93409183544528,2.07341079912289,1.56867748339671,1.99633052139533,2.05306244154363,1.97311459646647,2.04449206248343,1.74858768448947,2.43820134203433,2.48779420180194,1.38386802883255,2.02085738798989,2.2169271216173,2.19920354656585
subj_22,283.505503379945,350.059705184132,366.644328443861,312.104169244582,338.201751371205,337.927573778264,359.093668527038,320.244226138105,334.289192247075,333.461633922137,305.315103251178,314.159706384782,320.299277596568,311.664644792537,391.280962280039,359.093010637599,292.523500008539,348.493402232344,341.396265755116,328.302673485696,347.703865032343,372.141339671991,338.733753259253,325.615969180061,322.357285241643,0.310419977917739,0.261674521004146,0.241176878808599,0.255519112232795,0.192188195380899,0.276862147091138,0.1515961462188,0.223526865682695,0.264780698754129,0.349616269647917,0.234504145511736,0.262300081443743,0.213473326027237,0.303649316821901,0.223170457474159,0.234480727036484,0.359429860268112,0.262589351090913,0.320184392070959,0.257439636550265,0.260811108236519,0.238294926088651,0.311756269257877,0.254150434330663,0.289660514845353,0.0500100958604173,0.0636838879385109,0.0624201782357642,0.0136524064508351,0.0534396871322847,0.0414161052729145,0.0415634914307058,0.0493564583851256,0.0439323874207345,0.0616093675133972,0.0586689929148344,0.0317876623980202,0.028266332129,0.0484601433608786,0.0497793443780711,0.0462078172558486,0.0572208883302699,0.0429330863685358,0.0456258678654735,0.0893650081015702,0.0652576868339465,0.0704978628955398,0.0588378251189817,0.0416333739797412,0.0287207677365883,3.54105827905795,3.36068370345654,3.39509565930896,2.99519017190496,3.62054628983624,3.21757091544211,3.52044963666908,3.50563221642765,3.06270108200291,2.93846543515972,3.49365444365382,3.29312918211272,3.50207776470634,3.18197222026545,3.02078445088436,3.14034207078372,3.37787192016981,3.03803212775667,2.97403582307182,3.65888861993207,3.08982248848889,3.49728910297291,3.28946054741865,3.12515188982815,3.0366582376399
subj_23,580.668731010526,579.701392582129,512.682743696824,600.549146974343,548.196672631558,578.04963065169,550.943342445853,581.398748159679,580.392529159635,570.22313122928,555.46401245661,548.293378963228,534.480347517489,564.218511792075,508.176068617662,553.115585098702,570.390029494759,577.495444658884,510.271893571814,503.208462864994,578.965431472799,524.729514665155,570.992914539196,567.28095865213,560.442885446946,0.241676554687499,0.330199243672333,0.23775115960723,0.361321935638742,0.233346721258436,0.45539094186483,0.316166111582954,0.332720284421686,0.367640466559926,0.329504696656955,0.40983476506279,0.242557764882626,0.371468708605551,0.287568867522189,0.406880100235986,0.31210432752146,0.239825418813173,0.305953388223795,0.430891167398096,0.300782200022287,0.494667061511815,0.455768328964945,0.345593971057982,0.308452646509234,0.42947195588223,2.53204242180294e-11,0.0294020758854248,9.00027653145723e-12,0.00983049045403438,0.00939880282403794,2.90185532800225e-11,2.78587256293695e-10,0.0053635661632991,3.70495693741181e-10,0.0912735033321494,0.0479783285887249,0.0532483259882952,1.40251699322066e-08,0.00842739616157702,1.6075453746744e-08,0.0216693761827266,3.08715164157077e-09,2.6829937338957e-11,1.0075365025937e-10,0.0215227585768279,2.11019827690651e-08,0.0116037444194416,2.287143872741e-11,0.0548528335330574,0.0522797292335205,1.48669168266336,1.47993874033006,1.81448986486324,1.26078688080085,1.66170595184834,1.29561625716955,1.52775467263626,1.34866637642525,1.33308507123593,1.65044530599297,1.52274139427098,1.66538676807651,1.54347320778469,1.5652593094353,1.63988365649133,1.54696141864724,1.50838252964808,1.38062313674884,1.57840256765002,1.83927782161817,1.26222716936213,1.63281093858025,1.46182443382546,1.63629358924913,1.45789218201474
subj_24,381.774244315035,418.214247605619,471.97219572641,437.710378132212,418.969231079696,457.438676922392,456.730885963769,424.20717779273,467.459139528527,461.36617327202,416.147236783902,499.825543943465,466.978094838698,449.527387098725,409.744133687867,442.672211557324,436.983617271595,505.454102970193,442.63690632544,446.152970480567,535.020331887865,450.016979857612,438.374328589777,415.313394834625,508.653401250527,0.20207454131708,0.189279938114609,0.138765261875172,0.198802269508059,0.129275216782046,0.116201609124802,0.130571158520199,0.118788399381192,0.0831515079466779,0.0997859660957662,0.101637649111719,0.0910365711747439,0.121417332479105,0.106930725867612,0.145935453786479,0.153621554068818,0.164544033810772,0.195795266804642,0.119662375136128,0.20018762896375,0.111355687962906,0.0838385266646509,0.178448744647991,0.15872349434791,0.147252732525837,2.26800545536346e-07,0.00486350376527852,3.57824494803827e-11,9.47901671541399e-12,0.00545072639732553,0.0194466589904551,0.034273459305557,0.0169788926094013,0.0154604637419095,0.0252751403323,0.0265555669880539,0.0126461945985432,0.020146193454797,2.15319952587175e-08,0.0354175245367345,2.99177400920095e-11,1.69936097847224e-09,6.38293865414199e-10,0.0144141496537905,0.0244115354433197,0.0289830017327045,1.44882853045924e-11,0.0129651526332175,1.74312403884428e-11,0.0235536798976635,2.48286086992302,2.34045163462957,2.34588329593261,2.276260227091,2.61286704835102,2.84946470709409,2.7168894433343,3.05800707457242,2.75277223811779,2.92309461619619,3.1382842642872,2.64650401879186,2.77145406708612,2.5661442149323,2.85211421297854,2.20055727837597,2.24226675736313,1.90555202614082,2.62609659390161,2.41226101833682,2.35534416055916,2.83520561911794,2.34520454357637,2.51320105358257,2.34504532668292
subj_25,286.430727704916,363.616452187511,427.247246970813,321.608973625483,427.181149798521,399.651826010378,400.418148477139,340.380970312277,388.111038282102,448.988226151586,322.855460911842,363.35453393272,405.416353680587,435.639413887696,407.350834921291,376.309624972467,397.635244995459,460.906693311361,351.220715756627,418.659875391442,467.791596134791,410.369044874622,413.915319346411,334.292329345472,401.175878027569,0.293536619182205,0.323871247141056,0.377778751029897,0.351459751825842,0.342895630105662,0.361899771923685,0.454331722879497,0.463092804527021,0.445429576445841,0.494181321795394,0.421696636969982,0.414085909684008,0.335041475521179,0.414919132973841,0.551884375485606,0.451521726150911,0.478195682961236,0.363485254467023,0.290025514273529,0.542123952230782,0.47474261131674,0.507746125775591,0.436151039936567,0.430894823966719,0.382643688623552,0.0243993638349403,6.20571942767633e-05,2.18121342581639e-11,1.93987640450006e-11,0.0141574182569816,3.06587681842479e-11,0.0086755965250104,3.00403884481601e-12,0.0322016688456584,1.06569316645526e-11,4.76753350879138e-10,0.0163378273388571,0.00254186574107102,0.022906614433537,9.84258796471e-12,2.50177180935724e-11,1.35676752347663e-10,1.80133902396568e-10,0.0637792743206007,0.0284066692253701,0.0136955017929189,0.0081145232115522,1.95742181587228e-12,0.0257495014625959,0.0207111370400465,3.17145378317616,2.50070691093532,2.25623268834462,2.67656441598209,2.27217054354413,2.47214597629185,2.24883518480041,2.49592404066676,2.37734308991529,1.9384542136858,2.54470011589736,2.44430387879717,2.35598629196026,2.42541762265164,2.09902961383496,2.2651109320705,2.23689324340173,1.95747038100639,3.26844558920823,2.11137757933714,1.99924321099783,2.16558116187401,2.20118527202698,2.77773534561434,2.30619207812042
subj_26,448.677306474079,462.856612313188,412.644749446417,434.925776666811,431.808830459154,529.797022365695,396.209212747094,456.767982699999,474.016653422607,449.354714873792,451.79031145238,500.984622599404,416.542726199363,435.285136032984,421.14942384464,417.26835198961,508.405006055549,480.017278302772,480.405452134507,484.723117466849,429.830217139624,470.533182458691,441.130923821135,526.657362699025,475.174227681619,0.0010726673165514,0.0167335630290912,0.00113412235803634,0.00114077579168372,0.00114415771715823,0.00388446214578489,0.0286510943491083,0.00716244056509541,0.00102253507599346,0.0083048758200257,0.00117671968268849,0.00096112976200866,0.00118134883849468,0.00104330900967945,0.00874187994789095,0.0552819108517279,0.000943927820210677,0.00105229842940384,0.000949135301748187,0.000966195046911309,0.00118674618557403,0.0147291386899338,0.0201989155863394,0.000885163331501786,0.000910991536911438,5.22039745334451e-15,0.000617705589340282,3.01079682379271e-05,1.28071155497536e-14,0.000151472377735623,0.00167039780384757,0.000701954770075704,0.00229301962832468,2.30442297612313e-14,6.41686812373008e-13,0.000301030429134925,7.02675750597457e-05,6.16203157748921e-15,7.01633858049789e-05,0.00263405641276531,0.000824197401533277,1.69567590001241e-13,0.000464896061574799,1.82551551984941e-14,0.000130380954539096,2.45826341023044e-14,0.00162880583540537,2.08944927979919e-11,0.000289010773689868,2.68125362072445e-13,99.9999999756267,7.33121315092128,99.999929131256,99.9999994859786,99.9999870331093,22.6976962238509,5.94209131937733,18.1515757935578,99.9999989548645,15.7741190269284,99.9998695041384,99.9999500347716,99.999999971744,99.9999862453704,14.3336782579284,3.91845456050984,99.9999996780727,99.9999056257577,99.9999994933753,99.9999876639472,99.9999997888523,8.25473221277173,6.92101192153774,99.9999807384371,99.99999999033
subj_27,402.717467921467,347.220511814849,414.711101610687,366.814306489004,442.185144599023,389.126709350138,389.499491444707,400.205023591309,418.884770185263,401.039678764581,411.657409522985,418.42760871286,356.548239499835,427.812071912679,430.789341304306,389.4532516257,417.745502801399,430.567392193351,381.815376015851,395.980777031573,355.850396581096,396.798964765539,428.251414912412,391.649034715207,477.933224866243,0.594725970697709,0.567136893914843,0.489394039181078,0.532887975765728,0.561567767776599,0.546158694124048,0.463909909275125,0.497768881223967,0.387700301383688,0.320901838897009,0.496349716277795,0.553748499463116,0.699985823447941,0.461354508949984,0.472346741737044,0.556101369694868,0.495800182213001,0.533046315221518,0.639299326189486,0.423306122915166,0.396386210134412,0.426319122406727,0.418409073731362,0.527687787877629,0.527846105064443,0.138845104693133,0.209117202991461,0.156544411953945,0.154272709167578,0.122205604731885,0.181985419110695,0.172277424881134,0.136051524296721,0.138260085254217,0.148526151471456,0.1418274078605,0.211559060818749,0.138018357674212,0.202326082288232,0.13196803486595,0.1173246234684,0.171080149275961,0.165829788544368,0.166656047029218,0.132360214145803,0.127881399718578,0.143140148317307,0.138703522800491,0.152504430214932,0.180403482709608,2.60171319233771,3.20869277779414,2.5772678129196,2.89365089548525,2.24792936587618,2.86604977960314,2.7894574503423,2.64756119323927,2.81974611365482,3.01329000127657,2.70105701966219,2.59178705924317,2.58691322125681,2.78617814481261,2.44892218982576,2.57577386283123,2.5986855338472,2.5101007068844,2.58356131081371,2.9147903578598,3.14447157790195,2.86990620857504,2.55417736645626,2.66297241795533,2.23081693566185
subj_28,658.845866212427,681.454888262863,679.239891554532,664.364461002879,669.685380134997,670.216557237449,673.500493259342,675.809663950041,677.77737640272,674.153637357626,673.567191950246,674.148100694497,671.791094074903,665.177152028805,672.887570346732,675.779732575179,673.237471313473,668.797784413521,680.200587132691,677.261832159912,665.235611598855,675.274720842177,672.302811145386,678.646406422212,678.477861635934,0.169282275784236,0.999999951527239,0.999999974272972,0.999999991451105,0.999999953831698,0.829169169650021,0.148014356294356,0.999999759472902,0.999998977574351,0.999999876363345,0.999999950060498,0.542442020514408,0.743086419739232,0.999998849505554,0.623405904879777,0.917377929991767,0.999999871083311,0.999999797928986,0.999999626291841,0.400465936100957,0.99999958404169,0.996195835259831,0.928573354857487,0.369312995798877,0.378888877278042,0.999999225022881,0.702394009546029,0.522965633358485,0.999999999669807,0.999999975803695,2.18614818337336e-07,0.265289638428604,0.999998799308587,0.999999962829899,0.999999968530585,0.999999821999468,0.999999874362409,0.999999969540121,0.999999600264714,0.999999995464915,0.999999964582263,0.803876789695947,0.699152655560708,0.375458413931425,7.0950242995046e-08,0.802022888210986,0.999999999822709,0.999999999796552,0.299112904868648,0.995809600284318,0.509150130659885,0.159418672980135,0.224210402890549,0.410742150323076,0.349506516664419,0.378466313183272,0.497854774759188,0.263110908978905,0.228842082136835,0.288912917716951,0.297534498474763,0.320960840961094,0.342908884867391,0.401950433975855,0.338121679244458,0.269257753519252,0.326641055425608,0.403413827035821,0.202941277289757,0.352092810972659,0.43070748014792,0.272030146100803,0.321686508739101,0.327956590935338,0.248034400826862
subj_29,221.52906000756,231.323043451755,224.93282922166,228.235482012848,247.772548223156,206.529282102283,188.497676112241,174.060564622059,137.102036087638,187.848985693141,157.167697708382,187.354718426497,190.335120961432,152.398071262263,214.880118705478,206.340349735424,204.896651795163,161.165617405338,168.627772879628,205.975458006068,257.930211125005,175.776453345616,146.20253682359,169.914205663821,113.459556631509,0.0652151654330456,0.0811568485024535,0.0894729799734071,0.0723598259277977,0.00752679637889098,0.00320744624567814,0.0485390825784741,0.082482369819496,0.013702064896124,0.0028668932526252,0.0919393505615439,0.102243172970819,0.0030415550365647,0.0807219933464671,0.0348363519774637,0.0844780195798776,0.0501435922599116,0.0472061225674034,0.0585705258939991,0.0944599968537228,0.101716718421374,0.0793471205796351,0.0853412117763476,0.00362662720892891,0.0770217432938013,2.05021194090393e-13,0.000107925952282158,0.00118495044672538,3.27114782517229e-12,0.000249140669440896,0.000896927424200496,0.0058959553403152,3.25566780076078e-07,0.00266073878507354,4.87823709314757e-15,1.7939513655941e-12,1.54542940478683e-12,0.000478269465260308,0.0025735568190707,0.00121899072535765,2.51245683754232e-12,1.73878248824762e-13,2.75395955866439e-13,1.53940069061252e-12,0.019104935221524,0.000229099228356379,0.00391661743935971,0.0216306581757184,0.000533638575588404,0.00672596152216371,6.29082483196271,5.62435272995842,5.53179936388186,5.97603606582331,36.4159707582788,99.9996159477006,7.82289741857778,5.8512653745012,33.2397237801327,99.9999999943816,5.2792509193645,5.6544348699056,99.9999915194931,5.9918150479921,10.1719506403957,5.49362652156827,7.47916491242937,8.0003796048363,8.36125778780329,6.23610090775043,4.30880257792551,6.63710019177066,7.62758391039169,99.9998819544266,8.10251365893924
subj_30,529.750636702784,589.794915312859,563.83317837719,547.440447939431,560.123844823141,576.146370671353,565.262274266948,571.874094825882,566.059520098687,578.445787167696,549.254359801497,566.046761592824,545.041366891396,575.238404952037,544.134869576964,585.127061738638,531.699596651982,543.512238688071,590.566889166887,528.970667291142,568.461758148639,568.564108960152,592.991108595673,594.285038967256,603.333625019532,0.334809040676629,0.386456169634008,0.453834484664087,0.422575221275258,0.432917239661964,0.419012629668873,0.424072436631427,0.421796761548164,0.315635948234068,0.195435481735817,0.641290046344956,0.491973284744244,0.612125603039747,0.431851688114088,0.446122771104207,0.562460579515308,0.512067098277373,0.418643297379834,0.339091902665142,0.380155100398019,0.430594856202997,0.268470859940714,0.411752928863849,0.412465282585082,0.314634833599174,0.0277732221182794,0.073088016435518,0.0157749598756168,0.00162471952241628,0.0282238264188534,0.070873070273385,0.030619797360986,0.0584787211595638,3.07762738850067e-10,0.0893414571948494,0.0966146925979319,0.0315285360391239,0.0443121879151541,0.0444916589549072,3.34532347212126e-11,0.054680272769152,0.0385090205910871,0.101807673257851,0.0771120769529847,3.39646693265667e-10,0.0144672831658208,0.0127310639416877,0.0257374435073414,3.86815616009577e-09,0.0284523369529905,1.76919106070521,1.35269124660609,1.38911573561037,1.53080063325856,1.47224866006307,1.46094623734241,1.45339427108569,1.46426578907705,1.37042786810074,1.70571694725565,1.4351434966932,1.45539668535469,1.46359657989152,1.31441552873311,1.44537613050065,1.24195486970549,1.60395063546526,1.74179548160899,1.41176315255134,1.53730815521606,1.40075791413612,1.52194943565954,1.19960614887281,1.2118574439559,1.28246529115933
subj_31,672.874692979076,664.897585579027,676.861413781101,658.852311276838,647.342750894788,655.010589682604,659.077150954405,663.049817808165,664.860660797853,665.154205796038,662.580161176652,671.92066503553,659.750792126018,655.28831504968,657.289021122308,664.265851051395,663.142345440741,664.451071079789,653.453179702817,662.667383880809,661.630573015021,659.173992071063,663.39594848204,663.37100566779,660.284520544402,0.641093126727225,0.3913471624897,0.239549323314503,0.246298206754086,0.44056213274316,0.521023088810738,0.874515366456421,0.566077539226762,0.933882796726785,0.665662721194024,0.533059877990971,0.262584362258753,0.131667529819214,0.387645468222835,0.580877781664288,0.310231025141788,0.304226067878265,0.244523023932101,0.599676505912522,0.464551573266434,0.465707446874559,0.201623058855134,0.46694762750227,0.405584487453175,0.627145372022451,0.150424030347345,0.0604837683844666,6.77967007863292e-11,0.0257971437046401,0.0473656821145885,2.2597720528023e-09,3.4901028113507e-07,1.93945146962285e-08,0.286255780850684,1.3048667845612e-09,9.30795330979917e-11,0.377219464580715,2.52981277642065e-10,3.40955283730324e-08,0.359891049622452,0.178411494803213,0.140753933844742,0.300483894915341,7.77284767620296e-11,0.0549651783166372,0.0419503245079878,0.173689676926853,0.0785218804698022,4.55200441703982e-10,9.46547441409392e-11,0.424677880916168,0.626180943046401,0.413694584208969,0.743498129938508,0.810410383083263,0.654169300814579,0.500596320775914,0.545990710710669,0.472669885568104,0.486815505963281,0.564413681893244,0.516179671812489,0.852888764041975,0.7339285322492,0.655389254079804,0.735431644127917,0.70483711383485,0.694785510254061,0.613693576025791,0.582419353388073,0.614451917877585,0.832851927322126,0.590810508362392,0.587353471458067,0.541690174900879
subj_32,366.549524349544,400.959461162397,337.118468467907,368.14687747382,430.722714373847,339.256373547127,318.07840726795,413.627672499195,315.718922757606,269.233235556436,283.545625151398,288.917306817822,352.986777780167,391.017382845195,348.853968054378,380.166999427747,389.294522921232,330.040062138335,394.424538021758,288.804579008372,318.872118919511,363.532171500755,291.471207264081,366.683480568347,407.587331551326,0.173289948742503,0.201695233735256,0.205134497312221,0.146484705247943,0.273457476530833,0.15323007945671,0.235256707319636,0.263009519193516,0.295873904627215,0.293789808707978,0.208070748924942,0.168297516891622,0.20464663250333,0.27071344976871,0.220422819750084,0.16210889512107,0.154721963445651,0.196929866816203,0.235847295482711,0.133874870990812,0.314664577803535,0.166864688651136,0.245133628213965,0.273332554535056,0.144796161860351,2.85215735512572e-13,1.11127348111982e-11,0.0148476410449628,1.0169233442079e-12,1.88066195199288e-11,3.69329965994675e-12,0.00285729591906505,2.21062872298462e-09,4.97434098412718e-13,0.00391673089335521,7.11094882349952e-11,2.89171377844751e-12,0.0060811571903858,0.0109141027046399,1.55646198170498e-11,0.0523435259555352,0.00500498869090847,0.0141815217777686,0.0333708409597672,0.0162322155449347,3.14473916030894e-10,0.00621276190969956,0.000143642121527901,2.51951946324039e-10,0.0133797639638137,3.03847733124557,2.53041228887851,2.87822478900695,3.20529304394108,2.16006722064114,2.81594156521133,2.84381912364808,2.52246627638039,2.7730187276357,3.23530996312345,3.09585677715156,3.02832495156436,2.9401416756579,2.54580201506661,2.70010212255009,3.58083496223457,2.76024090529125,3.16165248936639,2.68805010006312,3.66638297474513,2.74486771759748,2.88603001275791,2.97045396109461,2.54336596219814,3.00893293334087
subj_33,511.702078818639,449.273955111235,436.384414342573,480.879441828384,508.978412260327,414.044506544171,443.777713383674,451.765467771588,427.572615503549,442.458210358063,394.90479318109,503.682418122249,477.359398013629,476.257046034916,416.576046584038,446.854509173671,495.711682160593,462.840116664673,415.667724222869,436.183575968981,398.182792433706,438.083534402726,367.057549643735,476.517611039777,449.305925115826,0.0246907752282132,0.0908641303026698,0.0835925907717124,0.0646030447135917,0.0701896953266596,0.0846817139664739,0.126478834922872,0.0795765978302021,0.0809967556994729,0.074798076116249,0.0645698765245523,0.0528238882201288,0.0307062743749331,0.074453620700829,0.0908305227046423,0.0618304425212877,0.0144952055248342,0.0774157494486893,0.0875075073555991,0.0559749537539335,0.0897957271612098,0.119878929310276,0.0973508628172139,0.0478672275130206,0.0845358830922937,0.00476911579569382,1.51719548501445e-12,0.00864075309058097,0.00610208552420455,0.00504240759199301,2.98763943125698e-13,1.36140119741809e-11,0.00848779606783271,1.06356073609922e-11,0.00825150588920071,1.68715502930704e-08,1.32007728018687e-12,0.00362763509012573,3.00215507392375e-13,0.0150406739686256,0.00545103300846849,0.0042221199743265,0.0121158213729101,0.0145735845084834,0.00447656771461767,0.00169197016412052,0.00809306370886175,1.4341689566986e-08,1.75416290985629e-12,0.0122338041026411,4.98500458781691,2.50570242463901,2.96411906880849,3.18011597908028,2.87056813590061,3.0187029325036,2.55651408689695,3.27407957957726,2.96062172042309,3.08628373882679,3.5938910728959,3.13191318593407,4.4187091212116,2.71708450734598,2.94426340974437,3.12422348714876,8.25521462768111,3.00514473971696,3.32450187696275,3.60125314234145,3.06656443192879,2.78003461529814,2.9737419175384,3.73917757091612,2.99412482827328
subj_34,253.423801981726,242.779279526745,210.39215243913,183.311898749562,308.042167603815,268.795880487199,289.322216041388,241.15277379936,266.472695356052,228.90077877315,177.088965529311,227.858970307476,264.703168375284,211.923278145915,211.91486657703,248.827696749167,276.804236522678,205.840501523352,252.888963298426,246.595615118578,276.749473968473,241.594380612,223.411171113878,251.563662886756,291.594600898784,0.149195943766123,0.12972546817372,0.143403639474358,0.157319641396514,0.155174417300748,0.113355791391977,0.153928090521727,0.202716259596861,0.221236814427479,0.0604561280119802,0.135864224068802,0.142332232150721,0.0840897945468555,0.0956198032338727,0.129663564762298,0.124049394067569,0.156768862080418,0.110421613556644,0.0625935464723108,0.070143183668159,0.0334141589064721,0.103430585167052,0.103563506668316,0.097157521458852,0.081925631229822,0.042671691414945,0.0165074735974328,0.0310485112789358,0.0327243554278357,0.0376492873835764,0.0370769996764344,0.0206043505981295,0.0261715787756019,1.67356016759648e-11,0.0164273777565194,0.0212458321979477,0.0239586152841825,0.0228249681693011,0.0139184505753054,0.0111073525902702,0.0264823260397406,0.0182183520571588,0.0302614862270847,0.0266932939215978,0.0236602019037095,0.0171328352864834,0.0277230605221761,0.0471043935691061,0.0181095976808502,0.0186171331051272,4.80036789479405,4.24243747904138,5.22913641205368,5.00475118145965,4.09067573624795,5.78857949985407,3.97780559030653,3.91885128219959,3.34100463517808,8.28992358792546,5.15916417849387,4.60473136085448,5.5331101588824,4.73576885348102,5.12528844261037,4.6169963569622,4.17363836498658,5.42534583751051,8.19562054272911,6.74335202684266,10.3760685518678,5.79709323936315,6.10914318140721,4.83700130905798,6.1994367949792
subj_35,619.220193928117,635.094707145907,592.463573621725,607.765229069594,646.899437822889,620.58577782837,638.852111734986,629.560081388631,605.230827179468,639.899355075737,622.022145684909,619.802082440495,613.068471799279,643.277002390997,614.864655285946,639.677688584518,625.462029765541,608.727276621362,630.689455733399,630.607405747066,635.229378761293,613.18721748322,602.578698514884,625.867623464571,619.165075364428,0.571372599585408,0.624657280694718,0.472554362503657,0.332543059502918,0.549422961355296,0.366951949249655,0.151490713748541,0.287047672361122,0.676308057596319,0.262570457842376,0.595955458288151,0.435750545517384,0.361995684880689,0.345237544572441,0.647933832736575,0.481883213428457,0.337283329284507,0.726923263883793,0.569584393818843,0.708781543110319,0.551392753175314,0.502679530988081,0.367247987089888,0.359794653448517,0.71036171949471,0.234753694418693,0.320564495755615,0.292349257228092,0.208328201291557,0.14283157340455,0.310819705303218,0.0646958938500384,0.26701493186502,0.457130752190684,0.0893667607802135,0.298479236374239,0.261961261893032,0.188885944635146,0.0975802851674929,0.259082098114588,0.0651310747643743,0.36108803190456,0.28918029004518,0.358412240550581,0.213958164969503,0.321195818597676,0.36125959573762,0.366771982467697,0.202972933419645,0.219614775196591,1.07799943200954,0.867731384859736,1.33948127725771,1.3183997560823,0.798815277265414,1.15582031418052,1.07904812602317,1.14597406716503,1.14201719954528,1.0489570813851,1.03627563899518,1.16733941130997,1.22836866110582,0.96077700371649,1.05722683974503,0.859099953841397,1.15614852599817,1.08593645805306,0.981510650071317,0.907533345418844,0.984521677459483,1.23027425940069,1.35110583257116,1.11458380513268,0.977140056499613
subj_36,591.520206130691,607.052392562905,566.343029608358,591.366215935159,569.265181275563,563.677986984874,571.272705077796,596.169248685571,517.050946976042,553.342390261662,590.452875050371,607.10996800418,593.335292017827,622.661004731243,597.463750781224,571.86860737314,573.803370880749,620.122907250671,560.731957711143,577.489805095191,589.952161593809,600.574868069263,526.373030321448,543.594162334963,590.502393123019,0.742646312802871,0.617300997886468,0.593929573884591,0.540385871271681,0.755028339437627,0.366441012123286,0.690882128407246,0.819300090101729,0.694199696065032,0.641523350738627,0.602857354072806,0.503915369515541,0.897505511089655,0.471089326118816,0.616350467397687,0.709432674685266,0.563376609516137,0.808393921105584,0.669254309622862,0.726830711711131,0.639711952103899,0.499205293412755,0.491404134487658,0.583006524009522,0.608381397195791,0.058625376083337,0.115458480286987,0.0690484552247646,0.0420937378316028,0.115021056725292,0.00810741115736841,0.211557296288525,0.115224845466086,0.0729655238937509,0.0839890715232179,0.0905302483387728,0.145670094781072,5.08545011712025e-11,0.109133379046647,0.177797065756664,0.0716849696657396,0.0678356384277846,0.00618651348894433,0.0400513920792537,0.0788844318675376,0.0903271530959404,0.048754562632599,0.0915549117981014,0.0644491429701854,0.0342829018134188,1.11718283513351,1.10240914339117,1.43966953317032,1.15590023155567,1.24691698652397,1.38281941929581,1.40485731924358,1.06774776208858,1.60608409896271,1.41628814935159,1.23736278544999,1.21407387186476,0.975369114926694,1.12548742415603,1.21431235268182,1.2695513484035,1.36913860207057,0.847280391541284,1.34887800109919,1.2074125306225,1.19696939458668,1.17515912147048,1.73264900865377,1.49940474831863,1.13404236988281
subj_37,677.794275113642,679.98041283387,668.911690929444,682.28767999399,671.862607400333,672.128059012055,679.242953156621,669.357829399521,665.509978524235,673.567191646247,667.422543663125,679.830475666507,679.241439737712,673.332461195914,664.242764258261,671.007918196664,677.777376402742,675.804230917571,682.042647852446,674.74437022089,674.100566006643,678.368218718979,676.070339389792,673.038196155906,674.153637038231,1.39653733725604e-05,0.999999967536512,0.88912728669478,0.99999996790915,0.479808807136112,0.985712182115774,0.402380649495028,0.131250323450404,0.882572398731745,0.999999998972859,0.859106960642064,0.99999997727656,3.66986985681943e-14,0.999998673821064,0.999999811707273,0.46838189821222,0.999999938227477,0.967883473227281,0.99999998073405,0.000215915151160716,0.919455287446401,0.999999999976294,0.999999999740378,0.606150350339118,0.999999999962252,0.000211583824750965,0.371761294308685,0.999999981324591,0.999999966004342,0.955049634294009,0.527811564929887,0.776460268627166,0.25030659143146,0.234447344849869,0.99999999694222,0.999999928707236,0.917854838872669,0.000154052406457872,0.529204242254771,0.843765492187703,0.999999998217614,0.999999912053853,0.999999999934307,0.999999940343103,3.32282164986156e-14,0.935353059188318,0.531350188553998,0.789547783518238,0.999999672839321,0.999999999877105,99.9994758302719,0.213230416436095,0.369986468771109,0.118280953429662,0.370837325912804,0.368644210545798,0.25939101029374,0.636184988576016,0.481671150445124,0.297534333111406,0.391591653612288,0.193713987719245,99.999988336697,0.351008000041695,0.440083731326634,0.372887060224173,0.228842008290378,0.265929046079157,0.1267505892214,99.9999856663502,0.304820935993701,0.246548836297905,0.279530897820621,0.333031830249402,0.288912954387073
subj_38,231.94264176992,235.464358818964,198.565478310635,206.523707325341,186.632951267717,230.744815548164,306.002503050546,255.951453842088,306.713226627958,224.230750902681,281.717381660575,248.113231020942,230.874136164986,204.266060843642,278.306014716238,314.814822369937,325.967406712951,308.034320085628,268.799674563536,296.6721967848,228.037226234236,230.939155800848,189.279207842617,312.158690454519,240.864303848941,0.27676432402053,0.285251499875341,0.254330214262075,0.373526708091074,0.350748976516984,0.256627371225944,0.223686521380445,0.285881869577004,0.251677666273406,0.265409882192919,0.240209365484936,0.241989024152491,0.248345345554992,0.367835191713964,0.222701514089697,0.297874234656736,0.209137390492837,0.283292748688595,0.218693668382766,0.230543106559678,0.261244017623491,0.31498167999384,0.247042368520365,0.307909129509515,0.263901898180259,0.0159455436991663,0.0169941148536705,3.5636488580877e-12,0.0248139597840468,2.93834923593438e-10,0.026638901021471,0.0310370806713085,4.24864671058963e-13,0.0573499081351928,1.61448843221191e-11,1.68716567917823e-11,0.0256679460246883,0.00477336339906878,0.0108685747981614,0.026519219624715,0.0161700799804286,0.0341797283748005,0.00860802507576393,0.0286053118253056,0.0394609313543688,0.0145152673449841,5.79616334066894e-10,3.67642902020122e-12,0.0293551074189087,0.0319707947449551,3.85418296889249,3.58975011223038,3.70583670517544,3.76466295822625,3.81193735599981,3.86164027490722,3.7537484525107,3.12665887639517,3.61474902013443,3.44294082424905,3.14949201736507,3.55560286974985,3.27066306293391,3.55633987237008,3.72598787696536,3.09364908792064,3.49997065154585,3.05854195593879,3.8173642514013,3.94083152886284,3.54794618139391,3.33211490033682,3.71815617138571,3.06056452314946,3.92251114520314
subj_39,383.588087135646,414.87347307346,356.850781048475,286.996622794141,319.760356285434,368.77223796837,305.654578598543,365.253059673515,283.199744304923,362.392031997135,417.281959361525,363.965293526259,350.173675225611,342.706454208664,339.076879838077,396.214119385847,397.273559032498,394.295404888719,331.780307456,388.999542917969,320.500503737331,377.482371241596,348.124573677863,387.348318237379,436.455223947644,0.135226898019905,0.189583762213053,0.232361793442278,0.289720376720401,0.187234777543662,0.195656224113864,0.271875851478574,0.291224304129183,0.290396962771344,0.178327475364731,0.231574444384745,0.28854973235894,0.0929280627273885,0.261164356303219,0.228570843963625,0.134850299983776,0.206550449136287,0.185528550048844,0.223897308374473,0.239480581431349,0.212094014805067,0.208403030195088,0.166071566412083,0.315554402186754,0.16055597378198,1.84333329799195e-10,0.00897360655456891,0.0245425379799575,1.33399931143048e-11,0.024561177774731,0.015776915555951,0.0280714233028073,0.0227628093857556,0.030314984849411,0.0313843750213355,2.88692754153153e-11,0.011061050356037,0.00232940415956492,5.02174696763116e-05,0.00068589219833976,0.0182757797680393,0.0114298685341046,0.00338829957313362,1.36625673516512e-07,0.0319330578136465,0.00617498410964902,0.000669648001671971,0.0194098173921729,4.14246587107575e-09,0.0296903144082675,2.81506465413659,2.6213676894649,2.88049234970338,2.8954375860155,3.14960284920053,2.90369720877811,3.17025480385426,2.62673824298657,3.36269807838542,3.07308290861441,2.58801488902074,2.63098220837717,3.67552941284932,2.56761109832698,2.8565100170791,3.13733129314226,2.51454374778883,2.61895390973623,2.88510093890743,2.62324364998909,3.04213538550698,2.63900720044907,2.89748555282498,2.37290724910866,2.78626906693491
subj_40,414.677239085641,415.330899594663,361.61614358752,369.655304722385,402.199714143257,369.648475112937,394.069687932836,385.970786309793,423.397883339581,428.005288555978,441.717462746313,380.329087259602,400.902169739507,368.079629652597,317.707932229634,371.498562251835,372.969825591104,362.888577149873,410.577538211338,363.698390145308,354.796058925658,398.879727383378,374.488293026625,403.351833445041,363.069137515475,0.0761408048864522,0.169253214847694,0.0885535882279543,0.117560237207132,0.124943399767616,0.166391065526904,0.115466427963932,0.119003773830753,0.141217778818072,0.128084598798332,0.100167909148002,0.142634576574792,0.114777334336491,0.161412433020926,0.251447716239983,0.179567043660975,0.159172223127626,0.0840364578723534,0.124524118636353,0.0677484885167379,0.110047838905329,0.109654609643802,0.101325396885956,0.0992748491444519,0.141353974467973,0.0333433547465608,0.0728267062201178,0.0397966231285087,0.0459409251517974,0.0732670405174883,0.0531283720488372,0.0502459852238048,0.0324575038825649,0.0626945441437427,0.038602808256338,0.0587954261480303,0.0383418617158074,0.0541428643020769,0.0268648733717239,0.0715715868389069,0.062991615783613,0.06053634531105,0.0273057249393153,0.0432610017925121,0.0343138011191117,0.0496379122103002,0.0528771846803888,0.0211738563329016,0.0457344896565787,0.0320689392848864,4.0982826797593,3.32599398508164,4.55790587140314,3.72612049550793,3.78522452610221,3.52935448178095,3.93929891823052,3.6109350418195,3.45293952601473,3.36634749135546,3.78638935432602,3.49107441442744,4.30351387270146,3.18940599359263,3.50803339971327,3.48860133064395,3.52059871366362,4.46699244896546,3.5101265305834,4.60205025598967,4.72330392834163,3.69507794644638,3.5610954841771,4.94739572556757,3.54138192799675
subj_41,280.247268464547,213.195401019665,258.241055085485,205.914794468228,260.558733923179,217.069609802475,231.228170185056,202.523065507302,188.163255852531,260.11901972738,193.25989903553,225.532981949382,253.729725174664,214.479793098416,250.571223824107,217.912295309915,163.46201760374,248.710919717688,230.515546718163,241.236472310385,254.569893013014,231.110955833239,257.473790937043,334.401696700492,251.380533744197,0.220444612753339,0.32156932085705,0.323007546579214,0.323674029526327,0.327119941725176,0.355562837232991,0.181067361928303,0.201860027684078,0.298745288178054,0.394766389415306,0.341312382037117,0.283271028795293,0.306931145262156,0.273440967733667,0.250001161315003,0.220391902643866,0.325791618535516,0.2939284315623,0.251677054716171,0.184289755323028,0.247277899316023,0.227263418319152,0.279149130174131,0.206682441568538,0.39270845065808,0.0581016111074691,0.0890292535746757,0.0552484675526007,0.0570235122543369,0.0277014617858047,0.0663178166796974,0.033519735297385,0.0426305364130024,0.0233851410330196,0.0467476296362503,0.0412410789315244,0.0699889479809909,0.0507044291506059,0.0709834154116812,0.0328716091880515,0.054405049597819,0.0491481731008307,0.0685683665713087,0.0476374861914225,0.0370626243761064,0.0230167664769189,0.0717605098952456,0.0571403250499676,0.0574477575899499,0.0419591045541041,4.38298980277486,4.74666985699163,3.78963158893877,4.30674088051019,3.42668151330671,4.13944302027441,4.8908033707278,4.84154675200574,3.92793609810198,3.27493792638841,4.17239119406266,4.25350181726774,4.08563621041587,4.56019860974226,4.06261870450001,4.59230424708185,4.61050985089857,4.00488971273875,4.44175657337537,4.3720927541588,3.55516968751908,4.40723457545861,4.22485751921132,3.82030313643142,3.62994280241837
subj_42,677.322065876438,676.417079821778,680.561621439374,672.840474096183,673.905020989378,677.214564084082,666.867027257377,676.547054210701,682.051326787513,669.500699054469,678.307812485176,680.723532397177,678.601527374066,675.629769021087,681.025688011616,677.407188736795,679.345215292714,678.224535669177,678.875047632952,683.713465652632,675.809662670229,678.590562662412,674.608609361021,675.95933297786,676.390372752433,0.480288363442342,0.694492825741005,0.583539625581987,0.309845544600135,0.630035794330464,0.73182316532721,0.734055141085135,0.667265726949342,4.85006888539134e-07,0.99999999531229,0.999999972888364,0.764872207362898,0.832280105433665,0.268740437165893,0.646481279242622,0.34269499264673,8.79515165297018e-11,0.999995486737274,0.703915042348585,0.875231001391515,0.999999975321405,0.999999972463964,0.75617409931972,0.454905637539546,0.275237650816129,0.156384390203874,0.204040426764912,9.64232441698357e-07,0.126589916473345,0.0167717986000999,0.180996707445822,6.86341271613762e-10,2.54231372108587e-09,0.244922539247094,1.86470771860767e-08,0.259920929789113,0.0897702997703692,9.61554213416397e-08,0.99999971968548,9.74340802370614e-10,7.70569688103685e-08,0.190610125547736,0.0870533966187063,0.0448395322272081,7.83351037001525e-08,0.999999911689851,5.87330227374224e-08,0.999999728920729,0.999999749547124,2.71114636776281e-11,0.353902282436058,0.328261546272123,0.221778327845266,0.51485563218009,0.355906810473044,0.323589707362404,0.442431570864051,0.306867396833452,0.239975281053225,0.354080130218846,0.247261877703632,0.203693191832762,0.240083300358534,0.296462007141654,0.202736792200348,0.361036195680341,0.392418673631,0.236155655098741,0.267243798140219,0.0486974027920749,0.263110820952668,0.21449378186416,0.304792857139773,0.287926406781808,0.418212646242974
subj_43,676.131787587345,672.342516845486,678.368021056879,680.478788841639,680.159917160862,677.932673383592,682.908083409907,679.700088952195,683.168948101366,680.837496348188,680.133603127704,673.255603550972,683.529090421891,679.808367045468,682.515508810932,681.926690771432,677.51880737247,683.250174448439,682.287681209959,683.389070538144,671.079079974488,677.311130843503,683.064370849065,679.336287736968,674.244086737615,0.27113304478153,0.999999949894231,0.99999997329214,0.999999747246795,0.647096844830499,0.792160519552002,0.999999438057184,0.546020327585213,1.3437246211734e-15,0.792697242308021,0.643312355302405,2.26874337820379e-08,0.999997666074272,0.897791287588149,0.987158189700248,0.685120007416078,0.543586382744396,4.56147934442712e-07,0.999999092467012,0.43042226486862,0.99999979085367,0.998665384365673,0.447208012675733,0.716556525718872,0.999999994282166,0.999999452606274,0.999999957735594,0.0645909491252494,0.531158151295134,0.999999952356514,0.999999988354367,9.63192747194883e-07,0.999999979138584,5.3270115387507e-05,0.999999423767878,0.412000115837293,0.22495728346884,0.999999085279524,0.893026853628078,0.99999979195387,0.230021886074147,0.876423382832173,0.999998444829769,0.999999436338812,0.388176091501466,0.637662999300642,0.999999850138677,0.999999902484118,0.675870525526689,0.709692513665504,0.285836712739983,0.31481049476588,0.228348072127023,0.188981741776047,0.195517262832548,0.239339087718172,0.0940865698824951,0.210519981522268,99.9999987931053,0.173454144788497,0.243256192607284,0.662620007437419,0.0590889157810417,0.200836741425181,0.110331791213348,0.175414207499918,0.272349266344568,0.0769611051102264,0.118281112040388,0.106287545716299,0.379877735929435,0.237486474971483,0.0988084388704325,0.246720431920112,0.314224405261423
subj_44,548.9544905144,590.072591165781,534.92063989227,596.650200184855,554.352810545744,581.703837477752,545.435184818317,542.74119619997,576.607678550846,559.492607033578,582.714853101528,542.760560420362,521.712527585082,580.199632230269,489.911749610357,524.631585796255,600.819351762287,552.078727641477,538.558046931509,546.807335207647,577.49911578335,559.839118092968,617.700419399826,509.614378553396,539.707927588397,0.0481449637111708,0.0320157195427792,0.0116444508088406,0.00199303979517842,0.00475897325301875,0.0148028927620763,0.00105099775103066,0.0137806920914266,0.00798559007722425,0.000650415286838711,0.000641240385613401,0.000852508449291011,0.00697776232048867,0.000605916259085284,0.00186569753332717,0.000828523501464916,0.000553165514373385,0.000678143901522509,0.000776705485920788,0.000709279837334944,0.0127708685029494,0.000677239135889899,0.000382197323318042,0.000770342030812812,0.000929214780921924,3.75004550519413e-11,0.00958243801711774,0.000730203009609375,0.000192538965643575,9.8953318763235e-11,0.00421961064234932,1.08901130619829e-14,0.00342369023017037,0.00111181705427051,6.41952568801175e-05,0.000188740481472174,7.47338148643663e-15,8.33638478007856e-12,0.000265941061853835,3.88432505264392e-13,2.91961647243647e-05,0.000146968970608631,2.1348634633708e-14,0.000135986072829653,1.61230471742465e-14,3.6723947061472e-13,0.000114590396953805,0.00034112878828658,0.000337624450176161,6.45182144028475e-06,2.64134333035598,2.88089442120408,7.74688041981681,30.0556591374602,16.9138913132606,5.54993688896634,76.0942620583979,6.37634589966892,8.71365379716909,99.9999965717825,99.9999223914599,99.9999999582243,12.5907822822097,99.9999263046271,51.8861148654388,99.9997974709109,99.9996906912662,99.9999989499599,99.9999981291681,99.9999998981169,6.12067722111518,99.9998681881936,99.9999547856111,99.9999661203279,99.9999809893699
subj_45,419.992091031661,410.425972130505,452.278678597175,430.319098798984,386.248137035196,425.052142083885,469.653912836711,401.321555285173,361.392772536653,420.18657901636,492.682693436961,362.288361732131,439.13747887104,429.230626342545,456.254325234095,418.990405011085,487.990201270554,384.412138896188,449.828214826712,353.852348110913,461.015048334618,343.100133122903,474.28189819052,489.380844694188,426.944372088398,0.139138570470449,0.230960943637774,0.273214894141658,0.288026715955551,0.200898961255261,0.277974053134255,0.243639729131049,0.256879926617012,0.201978286554743,0.278080200948391,0.279717130553823,0.183581242713412,0.252475828738293,0.284938960641718,0.260241921301012,0.184325024366587,0.25378440829614,0.215675048043137,0.229563591142638,0.23175319841923,0.21274478176071,0.227194445562841,0.286665039302606,0.238483259095039,0.220491456408877,0.0375050351491821,1.19619402906531e-11,0.0217905784549468,1.84944251329491e-11,0.00846537131040356,0.00472461091483861,0.0156956427668503,5.71848772027035e-12,0.0246743785920198,0.0305945730205677,2.22300244819187e-11,0.0387539682720476,0.0353048965311764,2.91148929425493e-11,0.0234193159727115,7.69458777251498e-11,2.68318371367125e-12,6.61590794081465e-10,0.0162211102507606,0.00373747076336016,0.0139720765987224,1.19189739376075e-13,1.51506709878066e-11,2.45041086583243e-11,0.0067897201593243,2.88643307177519,2.33110632385696,2.22804380227334,2.17744935603043,2.54370433754648,2.17815360450646,2.12018818214004,2.3634919236659,2.85375166524179,2.39481042354332,1.8758596756259,2.98410621405452,2.43543099675336,2.21413360946887,2.43404358949912,2.43308819790197,1.96471689490522,2.50978655561676,2.43478874473227,2.61940629668309,2.47114314338266,2.73644510786209,2.04048990387969,1.9992458075688,2.34239015761867
subj_46,559.545974764105,555.015183426042,536.787017758643,484.726812377383,535.384384320633,519.882310620248,545.339964098192,516.929203474423,535.857413765642,512.467750853364,491.529421661426,568.214262154703,528.930706307078,581.95866486675,556.607162584632,478.640085692407,563.699307844378,536.998658595256,526.110819225056,550.082241586549,552.034788804645,507.113882516018,547.626314381819,517.147471489649,549.499603193325,0.117686435426822,0.0942939843724664,0.0315450513316545,0.080384707922922,0.140695472480375,0.0560045122343369,0.0650587287695667,0.101590337769151,0.122518851670809,0.0963163805799746,0.0610376211818134,0.158529263917668,0.0808577645261153,0.104647471818107,0.102530589554495,0.163931905760044,0.0336390889374929,0.113728620712345,0.0628234416947372,0.03852937306693,0.12040313860471,0.0639787513274851,0.0974560746778453,0.0803092548768869,0.0887900717925117,9.56916136983201e-11,0.0114038407177832,0.0242855142219875,2.00384321882125e-11,8.60054124231776e-12,2.46020595728606e-11,0.00431533785156233,3.65218404641438e-11,2.38618659706239e-06,0.016640007794681,2.99681088279399e-09,3.45543028384337e-10,0.00633080293126889,0.0414297608224606,0.00707704497748474,0.00690521578112653,2.17865234142329e-10,6.98220308304305e-11,0.00706319585022286,0.0112454589966891,0.00940302947320448,0.00403477961271284,0.0251086954303854,0.014485608281787,1.10024827387646e-11,1.71592113627244,2.00386633800361,3.75333970817944,2.49147534548526,1.80354028496147,2.99373786336647,2.52700045665005,2.0299423606871,1.88485092774121,2.68393356804089,2.71080286444013,1.80063700061254,2.67923352669085,1.98391020071489,1.95311204032302,2.19134674437305,3.12856635806786,2.03102820575489,2.512943701183,3.22971838142894,2.00439065079294,2.93968048291124,2.49993349498623,2.69840721937352,2.15901507630753
subj_47,670.224343313128,658.499792228475,669.146276979048,667.018363462518,680.202941072803,658.487471478958,670.014654453291,670.612998824046,674.531151000626,673.806368961903,674.147760124726,672.73065552631,676.997990619979,667.820737490194,673.408101003436,674.298847128883,676.087377489819,671.266906487259,678.415239915824,668.76318306982,672.141686110999,676.59697230242,676.043545021101,669.789226197887,676.946454180122,0.638218752118371,0.422953754749657,0.826634384426026,0.578150007241146,0.597678261014617,0.999999999896587,0.555559431230066,0.669663268302305,0.634236879126825,0.906647197024127,0.999999999934847,0.59004066596635,0.999999999959938,0.637483442245875,0.806413381032854,0.836453635571071,0.784853170568833,0.999999984430374,0.849722774611889,2.22628773029168e-16,0.999999947096446,0.529270782853823,0.493985933171669,0.370270064841606,0.755685908019574,1.5954180106932e-06,0.027692958156929,2.85518259209624e-08,0.155693829729302,1.1884815475075e-07,2.1264849309129e-11,2.82174276494231e-09,2.42853024264813e-08,1.26467888565884e-09,5.35933567102943e-11,0.112790760753458,0.12176572819481,3.82259633028711e-11,0.0107105713929964,1.32869354259994e-10,3.78327109244196e-10,0.0649606243526636,0.030750782111077,0.723410794724123,0.000402438645004082,2.48375944066251e-09,0.142096302985977,0.265183748151077,0.19193717608482,0.223338165266991,0.434208877723095,0.688968476952114,0.398322093838255,0.542041776272005,0.224372850830447,0.471383964634466,0.437643074503051,0.417648957301152,0.34376852675471,0.315173314204873,0.310196774054426,0.424453387840118,0.244277810148233,0.467975439778006,0.338562192833004,0.313354294623141,0.313923935206349,0.3381520062155,0.25035869716069,99.9999997631854,0.320307346384228,0.351684163245057,0.369787204486234,0.548562479585196,0.315570839172305
subj_48,500.995279127623,450.032207760509,407.019937253287,411.338387740428,436.67136345144,425.249747991569,453.353164668224,433.168901362487,449.592151478023,463.177600673183,468.23840551086,405.095555113409,454.669783727695,457.356631459541,446.856239226553,444.237984002144,461.502349476811,436.253588863625,435.320816182318,452.110324423046,411.73900187327,440.717685965055,388.681859156117,471.130543996147,422.41461196732,0.319562480785171,0.501526673870529,0.472219064614979,0.385031335799996,0.329297178948968,0.49304716670894,0.397720314230914,0.438089735856193,0.373743863271741,0.383318639842969,0.271216611238624,0.297970087660573,0.420079404804885,0.398321736353065,0.538437553301492,0.538816167650991,0.417556109834562,0.378059939988113,0.418090412097421,0.400598143701012,0.403975462653842,0.405758701120259,0.280732136014259,0.415815072749182,0.454263111596292,0.218706708005264,0.278887537749346,0.294474796410085,0.180244423051523,0.214578784489253,0.27735932712374,0.210380346007501,0.298000877903858,0.223324499192474,0.267917807954058,0.221717981989718,0.234245078842813,0.263249089791307,0.25957070033334,0.214192846429317,0.262334031991512,0.203311597965232,0.206414195844986,0.229767332755003,0.237225440392318,0.248526976213379,0.256381151937524,0.236081773460826,0.187842239169796,0.265671173786444,2.48923124663698,2.46058177188747,2.76603515827035,2.91863873798792,2.95812037685806,2.74491293603715,2.53992987956902,2.58871922915539,2.79990737386351,2.66836143187072,2.72242377222493,3.77457803025921,2.78229215357301,2.66299507631522,2.45433989940944,2.60343157914755,2.50543667506635,2.692498684041,2.69655286794752,2.61280377662069,3.06475674144269,2.8598671457756,3.67243705834702,2.48193006018333,2.78914834301096
