filename,BIC,alpha_pos,alpha_neg,beta
subj_01,605.216337638446,0.546935333363345,0.0273079636385581,1.14793614494562
subj_02,235.1933985728,0.261534449671281,0.0961391624057436,5.31049069760216
subj_03,649.950122777388,0.366610593233794,1.22044093463541e-11,0.741566811510111
subj_04,364.969973286633,0.186066574397599,0.0491672928918268,3.38206829817435
subj_05,631.444267060622,0.576186575575672,0.338464182844552,0.95257619866967
subj_06,669.791671634485,0.99999997480165,7.1013276442153e-08,0.317039495552523
subj_07,272.132699332713,0.283714138314621,1.68590919741587e-12,3.37062391050481
subj_08,395.160585623579,0.247244348702317,1.87968286953206e-09,2.61054241388873
subj_09,577.027027476268,0.55870975456703,0.302263882200491,1.49723556345189
subj_10,575.22990618456,0.552281449754026,0.407915394094515,1.48719686301544
subj_11,527.36951322863,0.0915453579383716,4.14448955564253e-13,2.49991666818621
subj_12,644.981074104583,0.66542024235147,0.10335317619513,0.76038473060188
subj_13,662.309295972528,0.587631908213538,2.51036882282413e-12,0.595524062471898
subj_14,485.827246019937,0.282536763401633,0.187174401899159,2.71877836015126
subj_15,450.384169097425,0.257496619551099,0.0566661512936257,2.50386922934058
subj_16,473.954570664275,0.336092488569606,1.5501304225766e-12,1.95667439251913
subj_17,341.755905519559,0.408258240551996,0.00973830666362106,2.69087480967439
subj_18,248.161849977133,0.376642118056943,0.0201120050368934,3.57223064865499
subj_19,376.303672129655,0.14449881842008,0.0251377371994272,3.40138761320301
subj_20,682.946341652256,0.167311052098504,0.510724285039438,0.144101210679493
subj_21,528.064626384917,0.185635987141502,5.46212453550458e-13,1.86891388326115
subj_22,333.881309581056,0.259517006851874,0.0468125750046075,3.28802569656798
subj_23,564.929756821484,0.291417013441843,4.25989470304563e-12,1.51175518838216
subj_24,506.841192695253,0.146940540532958,0.00322483336962179,2.39655675122766
subj_25,429.903950151603,0.426935603009322,7.17850201939575e-13,2.2068529345623
subj_26,488.083231183132,0.00104520320869064,6.28635056938713e-13,99.9999994161302
subj_27,409.983767216174,0.508763207723297,0.15703902214805,2.66984543710847
subj_28,673.509577828748,0.995078201723357,0.999999970102384,0.256109580072559
subj_29,174.045202847607,0.0682721260053195,9.69957878747533e-13,6.4270498540234
subj_30,576.7583770109,0.425163894617985,0.0354120361603893,1.41162529390745
subj_31,666.475600302294,0.530853236631524,1.06205372158728e-11,0.541911127265404
subj_32,402.706846945924,0.218176544414443,3.55953633139095e-13,2.64498746612831
subj_33,423.029676987122,0.0613758026231045,1.4457479793427e-07,3.31934106911742
subj_34,274.430038485646,0.128451386575844,0.0266043067671227,4.63891899174584
subj_35,626.902532598064,0.502929827472812,0.262821062275651,1.08749610603835
subj_36,594.811421150644,0.614609526024333,0.0713805468735944,1.20648660816141
subj_37,671.196646029557,0.999999629714643,0.999999649643138,0.248072737725913
subj_38,290.245751217094,0.256090041668308,0.0142093204503877,3.50821839118276
subj_39,429.788585323363,0.215435969100133,0.00861328873786036,2.77527318324015
subj_40,402.373383852885,0.117631630691172,0.0390217833653107,3.69062937947142
subj_41,230.01099847185,0.274455551641025,0.0463199219526918,4.04419107444783
subj_42,664.686475346322,0.621159210089029,7.61959565891264e-12,0.272507524179198
subj_43,680.216247762252,0.999999896897266,0.999999971826289,0.177680921265096
subj_44,571.779188426983,0.0014422535974928,1.99243047603135e-14,50.2162565283654
subj_45,471.188632010661,0.254005457925841,6.74859948777156e-13,2.28680957244123
subj_46,526.753839072874,0.0916586028563932,1.09235790049956e-13,2.10051654775116
subj_47,672.504336464164,0.690677339022313,4.41816523844895e-10,0.362078833491939
subj_48,455.177315358332,0.414603688208268,0.238381653855408,2.77024617821942
